Σκόρδο	Garlic
Μέλι	Honey
Κρεμμύδι	Onion
Καρότο	Carrot
Ντομάτα	Tomato
Χυμός λεμονιού	Lemon juice
Μαϊντανός	Parsley
Αυγό	Egg
Κοτόπουλο	Chicken
Ρύζι	Rice
Ντοματίνια	Cherry tomatoes
Γιαούρτι	Yoghurt
Μουστάρδα	Mustard
Αγγούρι	Cucumber
Κολοκύθι	Courgette
Φρέσκο κρεμμυδάκι	Spring onion
Λαχανικά	Vegetables
Γάλα	Milk
Μοσχάρι	Beef
Κινόα	Quinoa
Μανιτάρι	Mushroom
Άνηθος	Dill
Ζωμός λαχανικών	Vegetable stock
Φέτα light	Light feta
Βαλσάμικο	Balsamic
Κόκκινη πιπεριά	Red pepper
Μαγιονέζα light	Light mayonnaise
Σόγια	Soy sauce
Σπανάκι	Spinach
Ελαιόλαδο	Olive oil
Πατάτα	Potato
Αβοκάντο	Avocado
Βρώμη	Oats
Κανέλα	Cinnamon
Κόλιανδρος	Coriander
Ζυμαρικό	Pasta
Ζωμός κοτόπουλου	Chicken stock
Αλεύρι	Flour
Πράσο	Leek
Γλυκοπατάτα	Sweet potato
Θυμάρι	Thyme
Τυρί κρέμα light	Light cream cheese
Καλαμπόκι	Corn
Σολομός	Salmon
Δυόσμος	Spearmint
Φρυγανιά	Rusk
Ψωμί	Bread
Σουσάμι	Sesame
Σέλερι	Celery
Αμύγδαλο	Almond
Τορτίγια	Tortilla
Φυλλώδη πράσινα λαχανικά	Leafy greens
Ταχίνι	Tahini
Καρύδι	Walnut
Κάρυ	Curry
Μήλο	Apple
Μπρόκολο	Broccoli
Chili πιπεριά	Chilli pepper
Πάπρικα	Paprika
Γαλοπούλα	Turkey
Ρεβίθια	Chickpeas
Σχοινόπρασο	Chives
Μελιτζάνα	Aubergine
Δενδρολίβανο	Rosemary
Τυρί κίτρινο light	Light yellow cheese
Φράουλα	Strawberry
Ελιά	Olive
Χόρτα	Wild greens
Ψάρι	Fish
Μπανάνα	Banana
Σπόροι chia	Chia seeds
Ξύδι	Vinegar
Πορτοκάλι	Orange
Κύμινο	Cumin
Χυμός πορτοκαλιού	Orange juice
Ξύδι ρυζιού	Rice vinegar
Τόνος	Tuna
Φακή	Lentils
Λάχανο κόκκινο	Red cabbage
Κατίκι	Katiki cheese
Χουρμάδες	Dates
Πράσινη πιπεριά	Green pepper
Κάπαρη	Capers
Μαρούλι	Lettuce
Κολοκυθόσπορος	Pumpkin seeds
Ηλιέλαιο	Sunflower oil
Κρουτόν	Croutons
Κάσιους	Cashews
Αλεύρι καρύδας	Coconut flour
Μαύρη σοκολάτα	Dark chocolate
Ηλιόσπορος	Sunflower seeds
Λάχανο	Cabbage
Σελινόριζα	Celeriac
Αμπελοφάσουλα	Black-eyed bean pods
Σταγόνες μαύρης σοκολάτας	Dark chocolate chips
Λιναρόσπορος	Flaxseed
Τόφου	Tofu
Πλιγούρι	Bulgur
Σπόροι κάνναβης	Hemp seeds
Λεμόνι	Lemon
Κακάο	Cocoa
Μάνγκο	Mango
Φυστίκι Αιγίνης	Pistachio
Γάλα βρώμης	Oat milk
Ανθότυρο	Anthotyro cheese
Παντζάρι	Beetroot
Κουνουπίδι	Cauliflower
Μηλόξυδο	Apple cider vinegar
Ρίγανη	Oregano
Παξιμάδι χαρουπιού	Carob rusk
Αρακάς	Peas
Πιπεριά	Pepper
Ψαρονέφρι	Pork tenderloin
Γάλα αμυγδάλου	Almond milk
Γαλοπούλα βραστή	Boiled turkey
Φρούτο	Fruit
Βασιλικός	Basil
Χυμός yuzu	Yuzu juice
Χυμός γκρέιπφρουτ	Grapefruit juice
Γραβιέρα light	Light graviera
Μπούκοβο	Chilli flakes
Βούτυρο	Butter
Φαγόπυρο	Buckwheat
Βαλσάμικο ξύδι	Balsamic vinegar
Παρμεζάνα	Parmesan
Φυστίκι	Peanut
Καρύδα	Coconut
Φουντούκι	Hazelnut
Σύκο	Fig
Βερίκοκο	Apricot
Φυστικοβούτυρο	Peanut butter
Ρόκα	Rocket
Γάλα σόγιας	Soy milk
Χούμους	Hummus
Κους κους	Couscous
Κουκουνάρι	Pine nuts
Λιαστή ντομάτα	Sun-dried tomato
Μαυρομάτικα φασόλια	Black-eyed beans
Λευκή ζάχαρη	White sugar
Ζωμός βοδινός	Beef stock
Σολομός καπνιστός	Smoked salmon
Μπισκότο χωρίς ζάχαρη	Sugar-free biscuit
Μέντα	Mint
Καρύδι pecan	Pecan
Ψωμί brioche	Brioche bread
Φρέσκια μοτσαρέλα	Fresh mozzarella
Φαλάφελ	Falafel
Κόκκινα φασόλια	Red kidney beans
Φασόλια	Beans
Λευκή σοκολάτα	White chocolate
Ζάχαρη Καρύδας	Coconut sugar
Σταφίδα	Raisin
Ρόδι	Pomegranate
Σιρόπι σφενδάμου	Maple syrup
Ανανά	Pineapple
Κρέμα καρύδας	Coconut cream
Σησαμέλαιο	Sesame oil
Αλεύρι αμυγδάλου	Almond flour
Λάδι καρύδας	Coconut oil
Μαγιονέζα vegan	Vegan mayonnaise
Ραπανάκι	Radish
Γαρίδα	Prawn
Κίτρινη πιπεριά	Yellow pepper
Κατσικίσιο τυρί	Goat cheese
Χταπόδι	Octopus
Μαύρα φασόλια	Black beans
Μανούρι	Manouri cheese
Άμυλο πατάτας	Potato starch
Bagel ζέας	Spelt bagel
Φύτρες	Sprouts
Παπαρουνόσπορος	Poppy seeds
Flakes καρύδας	Coconut flakes
Φρούτα του δάσους	Forest fruits
Ινδοκάρυδο	Desiccated coconut
Μαύρο καρότο	Black carrot
Σοκολάτα	Chocolate
Καραμέλα	Caramel
Noodles Ρυζιού	Rice noodles
Ακτινίδιο	Kiwi
Φύλλο ολικής	Wholegrain filo
Πάστα χαρίσα	Harissa paste
Πορτοκαλί πιπεριά	Orange pepper
Φασολάκια	Green beans
Σουπιά	Cuttlefish
Μοτσαρέλα	Mozzarella
Jalapeños πιπεριά	Jalapeño pepper
Λαχανικά ψητά	Roasted vegetables
Μπακαλιάρος	Cod
Πασατέμπος	Roasted pumpkin seeds
Πέστροφα	Trout
Φέτα	Feta
Χοιρινό	Pork
Δαμάσκηνα	Prunes
Μοσχοκάρυδο	Nutmeg
Αντζούγια	Anchovy
Γάλα καρύδας	Coconut milk
Σιρόπι αγαύης	Agave syrup
Πρωτεΐνη αρακά	Pea protein
Παπάγια	Papaya
Μαρμελάδα βύσσινο χωρίς ζάχαρη	Sugar-free sour cherry jam
Μαύρο τσάι	Black tea
Άρωμα ροδάκινο	Peach flavouring
Ζαχαροκάλαμο	Cane sugar
Βούτυρο αμυγδάλου	Almond butter
Μαρμελάδα φράουλα χωρίς ζάχαρη	Sugar-free strawberry jam
Αρώνια	Aronia
Αστεροειδής γλυκάνισος	Star anise
Λαχανίδα	Collard greens
Χυμός μήλου	Apple juice
Κουρκουμάς	Turmeric
Καστανή ζάχαρη	Brown sugar
Αλεύρι ολικής άλεσης	Wholemeal flour
Chutney κρεμμυδιού	Onion chutney
Βούτυρο κάσιους	Cashew butter
Αμύγδαλο φιλέ	Flaked almonds
Βούτυρο φουντουκιού	Hazelnut butter
Γίγαντες	Giant beans
Χυλοπίτες	Hilopites pasta
Κόκορας	Rooster
Ρικότα	Ricotta
Σάλτσα ντομάτας	Tomato sauce
Ταραμάς	Taramas
Αντίδια	Endives
Μανταρίνι	Mandarin
Αχλάδι	Pear
Παστέλι	Pasteli sesame bar
Σουμάκ	Sumac
Chipotle Chilli πάστα	Chipotle chilli paste
Καρπούζι	Watermelon
Φάβα	Fava split peas
Φινόκιο	Fennel
Αγκινάρα	Artichoke
Κολοκύθα	Pumpkin
Κάστανο	Chestnut
Κρίταμος	Rock samphire
Μήλο πράσινο	Green apple
Τυρί κρέμα	Cream cheese
Σόδα	Baking soda
Μπάμιες	Okra
Μirin	Mirin
Άμυλο καλαμποκιού	Corn starch
Πιπεριά φλωρίνης	Florina pepper
