Κωδικός,Παλιός τίτλος,Νέος τίτλος
1,Tropical γιαούρτι με ανανά,"Tropical γιαούρτι 2% με ανανά, flakes καρύδας, lime και μέντα"
105,Παραδοσιακή μεσογειακή πατατοσαλάτα,Παραδοσιακή μεσογειακή πατατοσαλάτα με αυγό βραστό
106,Cobb salad με φαλάφελ φούρνου,Cobb salad με falafel φούρνου
108,Τονοσαλάτα με βίδες ολικής,"Τονοσαλάτα με βίδες ολικής, τυρί κρέμα light, καλαμόκι και λιαστή ντομάτα"
109,Σαλάτα με ψητά λαχανικά και φαγόπυρο,"Σαλάτα με ψητά λαχανικά, ανθότυρο, φαγόπυρο και φιστίκι Αιγίνης"
110,"Κεφτεδάκια φακής, ψητά λαχανικά, sauce γιαουρτιού",Κεφτεδάκια φακής με ψητά λαχανικά και sauce γιαουρτιού
114,"Σούπα καρότο με πατάτα, τζίντζερ και κρουτόν","Σούπα καρότο με πατάτα, τζίντζερ και σπιτικά κρουτόν"
115,"Ρεβίθια σούπα με δενδρολίβανο, καρότα και φέτα","Ρεβίθια σούπα με δενδρολίβανο, καρότα και φέτα light"
117,Γλυκόξυνο κοτόπουλο με ανανά και πιπεριές,"Γλυκόξυνο κοτόπουλο με ανανά, πιπεριές και ρύζι basmati"
119,Noodles με ψητό σολομό και teriyaki sauce,"Noodles με ψητό σολομό, σπανάκι και teriyaki sauce"
12,Γιαούρτι 2% με granola και αποξυραμένα φρούτα,Γιαούρτι 2% με σπιτική granola και αποξηραμένα φρούτα
121,Κριθαράκι ολικής με κινόα και λαχανικά και φέτα,"Κριθαράκι ολικής με κινόα, λαχανικά και φέτα light"
123,Λιγκουίνι ολικής με σάλτσα ντομάτας και τυρί,Λιγκουίνι ολικής με σάλτσα ντομάτας και τριμμένο τυρί light
124,Κολοκυθοκεφτέδες φούρνου με φέτα και ψητά λαχανικά,Κολοκυθοκεφτέδες φούρνου με ψητά λαχανικά και φέτα light
125,"Άγριο ρύζι με μπρόκολο,σπανάκι,τόφου και teriyaki","Άγριο ρύζι με μπρόκολο, σπανάκι, τόφου και teriyaki sauce"
128,Σούπα βελουτέ με κολοκύθα και κάστανο,"Σούπα βελουτέ κολοκύθας, κάστανο και σπιτικά κρουτόν"
129,"Φιλέτο κοτόπουλο, σάλτσα μουστάρδας και άγριο ρύζι",Φιλέτο κοτόπουλο με άγριο ρύζι και σάλτσα μουστάρδας
13,Μεξικάνικη τορτίγια με κοτόπουλο και guacamole,Mexican Wrap ολικής με κοτόπουλο και guacamole
130,"Spicy κουνουπίδι με χαλούμι, σπανάκι, άγριο ρύζι","Spicy κουνουπίδι με χαλούμι, σπανάκι και άγριο ρύζι"
132,Μαυρομάτικα φασόλια κοκκινιστά με σπανάκι και φέτα,Μαυρομάτικα φασόλια κοκκινιστά με σπανάκι και φέτα light
135,"Ψαρονέφρι, σάλτσα σόγια-μέλι-τζίντζερ, άγριο ρύζι",Ψαρονέφρι με άγριο ρύζι και σάλτσα σόγια-μέλι-τζίντζερ
136,"Μοσχαρίσια κεφτεδάκια,πατάτες, σάλτσα μουστάρδας",Μοσχαρίσια κεφτεδάκια με πατάτες φούρνου και σάλτσα μουστάρδας
137,"Μοσχαρίσια κεφτεδάκια, sauce γιαουρτιού,πιτάκι",Μοσχαρίσια κεφτεδάκια με sauce γιαουρτιού και πιτάκι ολικής
138,Μπιφτέκι μοσχαρίσιο με ψητά λαχανικά,Μπιφτέκι μοσχαρίσιο με ψητά λαχανικά και sauce γιαουρτιού
139,"Μπιφτέκι μοσχαρίσιο, κους κους και ψητά μανιτάρια",Μπιφτέκι μοσχαρίσιο με κους κους και ψητά μανιτάρια
14,Μεξικάνικη ομελέτα με chorizo,Μεξικάνικη ομελέτα φούρνου με chorizo
141,"Μπιφτέκι μοσχαρίσιο, πουρές καρότου, αμπελοφάσουλα",Μπιφτέκι μοσχαρίσιο με πουρέ καρότου και αμπελοφάσουλα
142,"Μπιφτέκι μοσχαρίσιο με ρύζι basmati, ψητά καρότα",Μπιφτέκι μοσχαρίσιο με ρύζι basmati και ψητά καρότα
144,"Φιλέτο μοσχαρίσιο, πουρές σελινόριζας, gravy sauce",Φιλέτο μοσχαρίσιο με πουρέ σελινόριζας και gravy sauce
145,"Ψάρι ημέρας ψητό, ρύζι basmati και μπρόκολο ατμού",Ψάρι ημέρας ψητό με ρύζι basmati και μπρόκολο ατμού
147,"Σολομός ψητός με πουρέ γλυκοπατάτας, αμπελοφάσουλα",Σολομός ψητός με πουρέ γλυκοπατάτας και αμπελοφάσουλα
148,"Ψάρι ημέρας ψητό με πουρέ γλυκοπατάτας, yuzu juice",Ψάρι ημέρας ψητό με πουρέ γλυκοπατάτας και yuzu juice
15,Yogurt Bowl με γιαούρτι 2% και βούτυρο κάσιους,"Yogurt Bowl με γιαούρτι 2%, βούτυρο κάσιους, βρώμη και μάνγκο"
153,Σολομός ψητός και αμπελοφάσουλα με λαδολέμονο,Σολομός ψητός με αμπελοφάσουλα και λαδολέμονο
154,Φιλέτο στήθος κοτόπουλο ψητό και αμπελοφάσουλα,Φιλέτο στήθος κοτόπουλο ψητό με αμπελοφάσουλα
156,"Φιλέτο στήθος κοτόπουλο, χόρτα, ψητά μανιτάρια",Φιλέτο στήθος κοτόπουλο με χόρτα και ψητά μανιτάρια
157,"Φιλέτο στήθος κοτόπουλο, ρύζι και ψητά λαχανικά",Φιλέτο στήθος κοτόπουλο με ρύζι basmati και ψητά λαχανικά
158,Φιλέτο στήθος κοτόπουλο με λαχανικά ατμού,Φιλέτο στήθος κοτόπουλο με λαχανικά ατμού και σάλτσα μουστάρδας
159,Φιλέτο στήθος κοτόπουλο με γλυκοπατάτα,Φιλέτο στήθος κοτόπουλο με ψητή γλυκοπατάτα
16,Γιαούρτι 2% με ταχίνι και μπανάνα,"Γιαούρτι 2% με ταχίνι, βρώμη, καρύδια και μπανάνα"
160,"Μπιφτέκι γαλοπούλας, ρύζι basmati, ψητά λαχανικά",Μπιφτέκι γαλοπούλας με ρύζι basmati και ψητά λαχανικά
161,Μπιφτέκι γαλοπούλας με ψητά λαχανικά,Μπιφτέκι γαλοπούλας με ψητά λαχανικά και sauce γιαουρτιού
162,"Μπιφτέκι γαλοπούλας, κους κους, ψητά μανιτάρια",Μπιφτέκι γαλοπούλας με κους κους και ψητά μανιτάρια
164,"Μπιφτέκι γαλοπούλας, άγριο ρύζι, αμπελοφάσουλα",Μπιφτέκι γαλοπούλας με άγριο ρύζι και αμπελοφάσουλα
165,Μπιφτέκι γαλοπούλας με ρύζι και κρέμα μελιτζάνας,Μπιφτέκι γαλοπούλας με ρύζι basmati και κρέμα μελιτζάνας
166,"Μπιφτέκι γαλοπούλας, γλυκοπατάτα, κρέμα μελιτζάνας",Μπιφτέκι γαλοπούλας με γλυκοπατάτα και κρέμα μελιτζάνας
168,Μπιφτέκι γαλοπούλας με λαχανικά ατμού,Μπιφτέκι γαλοπούλας με λαχανικά ατμού και λαδολέμονο
170,"Μπιφτέκι γαλοπούλας, πατάτες φούρνου, ψητά καρότα",Μπιφτέκι γαλοπούλας με πατάτες φούρνου και ψητά καρότα
172,Φιλέτο στήθος κοτόπουλο με μανιτάρια και ρύζι,Φιλέτο στήθος κοτόπουλο με μανιτάρια και άγριο ρύζι
173,"Caprese με φιλέτο κοτόπουλο, μοτσαρέλα, πλιγούρι","Caprese με φιλέτο κοτόπουλο, μοτσαρέλα και πλιγούρι"
174,Φιλέτο μπούτι κοτόπουλο με ρύζι και teriyaki sauce,Φιλέτο μπούτι κοτόπουλο με άγριο ρύζι και teriyaki sauce
175,Tikka Masala κοτόπουλο με ρύζι basmati,Μπούτι κοτόπουλο Tikka Masala με ρύζι basmati
176,Φιλέτο μπούτι κοτόπουλο με ρύζι και κάρυ,Φιλέτο μπούτι κοτόπουλο με ρύζι basmati και κάρυ
18,"Wrap με φαλάφελ, γιαούρτι και sauce ταχίνι","Wrap ολικής με falafel φούρνου, γιαούρτι 2% και sauce ταχίνι"
181,"Γεμιστά με ρύζι, κινόα, φυστίκι Αιγίνης και φέτα","Γεμιστά με ρύζι, κινόα, φυστίκι Αιγίνης και φέτα light"
184,Χταπόδι με κοφτό μακαρονάκι και τριμμένο τυρί,Χταπόδι με κοφτό μακαρονάκι και τριμμένο τυρί light
185,"Λιγκουίνι ολικής με γαρίδες, σάλτσα λευκού κρασιού",Λιγκουίνι ολικής με γαρίδες και σάλτσα λευκού κρασιού
186,"Λιγκουίνι ολικής με κιμά γαλοπούλας, τριμμένο τυρί",Λιγκουίνι ολικής με κιμά γαλοπούλας και τριμμένο τυρί light
187,"Λιγκουίνι ολικής με μοσχαρίσιο κιμά, τριμμένο τυρί",Λιγκουίνι ολικής με μοσχαρίσιο κιμά και τριμμένο τυρί light
19,"Wrap με φαλάφελ, vegan mayo και sauce ταχίνι","Wrap ολικής με falafel φούρνου, vegan mayo και sauce ταχίνι"
190,Κοκκινιστά πράσινα φασολάκια με πατάτα και φέτα,Κοκκινιστά πράσινα φασολάκια με πατάτα και φέτα light
193,"Γιουβέτσι μοσχάρι,κριθαράκι ολικής, τριμμένο τυρί",Γιουβέτσι μοσχάρι με κριθαράκι ολικής και τριμμένο τυρί light
197,"Κάρυ με γάλα καρύδας, βασιλικό, τόφου, άγριο ρύζι","Κάρυ με γάλα καρύδας, βασιλικό, τόφου και άγριο ρύζι"
198,"Vegan μουσακάς, μανιτάρια, μπεσαμέλ γάλα σόγιας","Vegan μουσακάς με μανιτάρια, μπεσαμέλ και γάλα σόγιας"
2,Γιαούρτι με φουντουκοβούτυρο,"Γιαούρτι 2% με φουντουκοβούτυρο, granola και blueberries"
206,Σολομός ψητός με λαχανικά και vinaigrette σόγιας,Σολομός ψητός με λαχανικά ατμού και vinaigrette σόγιας
207,Γίγαντες φούρνου με κόκκινες πιπεριές και φέτα,Γίγαντες φούρνου με κόκκινες πιπεριές και φέτα light
209,"Φιλέτο μοσχαρίσιο, πουρές πατάτας και μανιτάρια",Φιλέτο μοσχαρίσιο με πουρέ πατάτας και μανιτάρια
21,"Τορτίγια ολικής με αυγό, γαλοπούλα και τυρί κρέμα","Wrap ολικής με αυγό, γαλοπούλα και τυρί κρέμα"
210,"Ψαρονέφρι με πατάτες φούρνου, καρότα, gravy sauce","Ψαρονέφρι με πατάτες φούρνου, καρότα και gravy sauce"
212,"Μπιφτέκι μοσχαρίσιο, λαχανικά ατμού με λαδολέμονο",Μπιφτέκι μοσχαρίσιο με λαχανικά ατμού και λαδολέμονο
213,"Ψάρι ημέρας ψητό, αχνιστά χόρτα, κρέμα λεμόνι",Ψάρι ημέρας ψητό με αχνιστά χόρτα και κρέμα λεμόνι
214,"Σολομός ψητός, ψητά λαχανικά, vinaigrette σόγιας",Σολομός ψητός με ψητά λαχανικά και vinaigrette σόγιας
215,"Φιλέτο μοσχαρίσιο με πατάτες φούρνου, gravy sauce",Φιλέτο μοσχαρίσιο με πατάτες φούρνου και gravy sauce
217,"Σολομός ψητός, αχνιστά χόρτα, κρέμα λεμόνι, καρότα","Σολομός ψητός με αχνιστά χόρτα, καρότα και κρέμα λεμόνι"
219,Wrap ολικής με μανιτάρια και κατίκι δομοκού,"Wrap ολικής με ψητά μανιτάρια, κατίκι και γραβιέρα light"
220,Wrap με κολοκυθοκεφτέδες και κατίκι δομοκού,"Wrap ολικής με κολοκυθοκεφτέδες φούρνου, κατίκι και pesto"
222,Κουακεροπιτάκια με μέλι και ταχίνι,"Κουακεροπιτάκια με μέλι, ταχίνι και κανέλλα"
229,Σαλάτα με αποξηραμένα σύκα και λιαστή τομάτα,"Σαλάτα με αποξηραμένα σύκα, καρύδια, κατίκι Δομοκού και λιαστή τομάτα"
231,Τηγανητό ρύζι με λαχανικά αυγό και σόγια,"Τηγανητό ρύζι με λαχανικά, αυγό και σόγια"
232,"Λαζάνια με λαχανικά ρικότα, μοτσαρέλα και γραβιέρα","Λαζάνια με λαχανικά ρικότα, μοτσαρέλα και γραβιέρα light"
235,Wrap ολικής με πάστα χαρίσα και κρέμα μελιτζάνας,"Wrap ολικής με πάστα χαρίσα, κρέμα μελιτζάνας και χούμους"
242,Γιαούρτι 2% με φρούτα εποχής και μαύρη σοκολάτα,Γιαούρτι 2% με φρέσκα φρούτα εποχής και μαύρη σοκολάτα
246,"Vegan παστίτσιο με μανιτάρια,μπεσαμέλ γάλα σόγιας","Vegan παστίτσιο με μανιτάρια, μπεσαμέλ και γάλα σόγιας"
247,Ρεβύθια φούρνου κοκκινιστά,Ρεβίθια φούρνου κοκκινιστά με φέτα light
252,"Λιγκουίνι ολικής με σολομό, τυρί, σάλτσα λεμονιού","Λιγκουίνι ολικής με σολομό, σάλτσα λεμονιού και τριμμένο τυρί light"
254,Sugar free cheesecake φούρνου,Sugar free Cheesecake φούρνου
258,Ομελέτα με καπνιστό σολόμο με αβοκάντο,Ομελέτα φούρνου με καπνιστό σολόμο με αβοκάντο
26,Ceasar salad wrap με στήθος κοτόπουλο,Ceasar salad wrap ολικής με στήθος κοτόπουλο
260,Ομελέτα φούρνου με γλυκοπατάτες και σπανάκι,"Ομελέτα φούρνου με γλυκοπατάτες, φέτα light και σπανάκι"
263,Κόκορας κρασάτος με μακαρόνι και τυρί τριμμένο,Κόκορας κρασάτος με μακαρόνι ολικής και τριμμένο τυρί light
267,"Σαλάτα baby σπανάκι, κοτόπουλο και παρμεζάνα","Σαλάτα baby σπανάκι με κοτόπουλο, cranberries, αμύγδαλο φιλέ και παρμεζάνα"
27,Βrioche με γαλοπούλα και τυρί κρέμα  light,Brioche με γαλοπούλα και τυρί κρέμα light
274,"Ρεβίθια κοκκινιστά με χόρτα, κρέμα λεμόνι και φέτα","Ρεβίθια κοκκινιστά με χόρτα, κρέμα λεμόνι και φέτα light"
275,"Πράσινη σαλάτα, μπαλίτσες ανθότυρου, dressing σύκο","Πράσινη σαλάτα με μπαλίτσες ανθότυρου, καρύδια και dressing σύκο"
280,"Σαλάτα με baby σπανάκι με αμύγδαλο, ρόδι και φέτα","Σαλάτα με baby σπανάκι με αμύγδαλο, ρόδι και φέτα light"
282,"Πράσινη σαλάτα με μανούρι, μανιτάρια, και αχλάδι","Πράσινη σαλάτα με μανούρι, μανιτάρια και αχλάδι"
283,"Πράσινη σαλάτα με αντίδια, αβοκάντο, μανταρίνι","Πράσινη σαλάτα με μοτσαρέλα, αντίδια, αβοκάντο και μανταρίνι"
285,Wrap ολικής με γραβιέρα και αβοκάντο,"Wrap ολικής με γραβιέρα light, αβοκάντο και chutney κρεμμυδιού"
287,Wrap με κοτόπουλο και spicy σάλτσα φυστικοβούτυρου,Wrap ολικής με κοτόπουλο και spicy σάλτσα φυστικοβούτυρου
290,Χωριάτικη σαλάτα με παξιμαδάκια χαρουπιού,"Χωριάτικη σαλάτα με ντοματίνια, αγγούρι, φέτα, πράσινη πιπεριά, κόκκινο κρεμμύδι, ελιές, κρίταμο, ρίγανη, παξιμαδάκια χαρουπιού και ελαιόλαδο"
291,Μοσχαρίσια κεφτεδάκια και sauce γιαουρτιού,Μοσχαρίσια κεφτεδάκια και sauce γιαουρτιού με φρέσκο κρεμμύδι και μαϊντανό
297,Lemon Chicken Bowl,"Lemon Chicken Bowl με ρύζι basmati, πράσινη σαλάτα, κοτόπουλο σχάρας, broccoli coleslaw, χούμους,
ντοματίνια, αγγούρι και dressing λεμόνι – ελαιόλαδο"
298,Harissa Chicken Bowl,"Harissa Chicken Bowl με ρύζι basmati, πράσινη σαλάτα, κοτόπουλο harissa, παντζάρι με ανθότυρο, καλαμπόκι, ντοματίνια και olive oil lemon dressing"
299,Mediterranean Chicken Bowl,"Mediterranean Chicken Bowl με καστανό ρύζι, κοτόπουλο σχάρας, πράσινη σαλάτα, ελιές φιλέτο, χούμους, αγγούρι, ντοματίνια, φέτα light και olive oil lemon dressing"
300,Teriyaki Salmon Bowl,"Teriyaki Salmon Bowl με καστανό ρύζι, σολομός σχάρας, guacamole, αγγούρι, καλαμπόκι, σουσάμι και sesame-teriyaki dressing"
301,Steakhouse Bowl,"Mango Salmon Bowl με ρύζι basmati, σολομός σχάρας, πράσινη σαλάτα, κάσιους, guacamole, ντοματίνια, πίκλα κόκκινο λάχανο και mango-lime dressing"
302,Tuna Mediterranean Bowl,"Steak Protein Bowl με ρύζι basmati, μοσχάρι σχάρας, πράσινη σαλάτα, χούμους, ντοματίνια, broccoli coleslaw, κόκκινο λάχανο πίκλα και dressing βαλσάμικο"
303,Vegan Power Bowl,"Steakhouse Bowl με καστανό ρύζι, μοσχάρι σχάρας, πράσινη σαλάτα, feta chili cream, αγγούρι, crispy onion και garlic aioli dressing"
304,Avocado Chicken Bowl,"Tuna Mediterranean Bowl με ρύζι basmati, τόνος, πράσινη σαλάτα, χούμους, κάπαρη, ντοματίνια, ελιές φιλέτο και olive oil lemon dressing"
305,Green Fitness Bowl,"Falafel Vegan Bowl ρύζι basmati, falafel φούρνου, τόφου, πράσινη σαλάτα, χούμους, αγγούρι, πίκλα κόκκινο λάχανο, broccolli vegan coleslaw και tahini-soy dressing"
306,Mango Salmon Bowl,"Vegan Power Bowl με καστανό ρύζι, ψητά λαχανικά, πράσινη σαλάτα, μπρόκολο, χούμους, αβοκάντο,
ντοματίνια και olive oil lemon dressing"
307,Steak Protein Bowl,"Sweet Potato Chicken Bowl με ρύζι basmati, κοτόπουλο σχάρας, πράσινη σαλάτα, γλυκοπατάτα ψητή, χούμους, αγγούρι, φιστίκι και yogurt dressing"
308,Falafel Vegan Bowl,"Avocado Chicken Bowl με καστανό ρύζι, κοτόπουλο σχάρας, πράσινη σαλάτα, guacamole, κολοκυθόσπορο, ντοματίνια, αγγούρι και mango-lime dressing"
309,Sweet Potato Chicken Bowl,"Protein Mix Bowl με ρύζι basmati, κοτόπουλο σχάρας, πράσινη σαλάτα, τόνος, χούμους, ντοματίνια, αγγούρι, κόλιανδρο, πίκλα κόκκινο κρεμμύδι και olive oil lemon dressing"
31,Sugar free Cake πορτοκαλιού,Sugar free cake πορτοκαλιού
310,Protein Mix Bowl,"Green Fitness Bowl με πράσινη σαλάτα, φαγόπυρο, κινόα, κοτόπουλο σχάρας, αβοκάντο,
αγγούρι, φράουλες, ντοματίνια και olive oil lemon dressing"
32,Wrap ολικής με φιλέτο κοτόπουλο και αβοκάντο,"Wrap ολικής με φιλέτο κοτόπουλο, αβοκάντο και κρέμα μουστάρδας"
34,Super Breakfast με καρύδα και σοκολάτα,"Super Breakfast με βρώμη, μαύρη σοκολάτας και ινδοκάρυδο"
38,Salmon Philly Sandwich,Salmon Philly Sandwich με ψωμί ολικής
39,"Fitpal Bar με αμυγδαλοβούτυρο, μαύρη σοκολάτα",Fitpal Bar με αμυγδαλοβούτυρο και μαύρη σοκολάτα
4,Ομελέτα με βασιλομανίτατα,Ομελέτα φούρνου με βασιλομανίταρα
40,"Fitpal Bar με φυστικοβούτυρο, μαύρη σοκολάτα",Fitpal Bar με φυστικοβούτυρο και μαύρη σοκολάτα
46,Sugar free Chocolate cake,Sugar free chocolate cake
48,Sugar free cake βανίλιας με σοκολάτα,Sugar free cake βανίλιας με σταγόνες μαύρης σοκολάτας
49,Bread omellette sandwich,Bread omellette sandwich με ψωμί ολικής
5,Roast Beef Sandwich με ψωμί ολικής,Roast Beef Sandwich με ψωμί ολικής και γραβίερα light
51,Ισπανική ομελέτα με λαχανικά,Ισπανική ομελέτα φούρνου με λαχανικά
57,Cake με φρούτα του δάσους,Sugar free cake με φρούτα του δάσους
60,Vegan cake με χουρμάδες,Vegan sugar free cake με χουρμάδες
62,Tofu Toast με guacamole,Tofu Toast με guacamole με ψωμί ολικής
7,Sandwich με brioche και τονοσαλάτα,Brioche γεμιστό με τονοσαλάτα
73,"Σαλάτα με μανιτάρια, χόρτα και φυστίκι Αιγίνης","Σαλάτα με μανιτάρια, φέτα light, χόρτα και φυστίκι Αιγίνης"
76,"Σαλάτα παντζάρια, κατσικίσιο τυρί και αβοκάντο","Σαλάτα με παντζάρια, κατσικίσιο τυρί και αβοκάντο"
79,"Σαλάτα με καπνιστό σολομό αβοκάντο, baby σπανάκι",Σαλάτα με καπνιστό σολομό αβοκάντο και baby σπανάκι
8,Τορτίγια ολικής με κοτοσαλάτα,"Wrap ολικής με κοτοσαλάτα, καλαμπόκι, αμύγδαλα και γιαούρτι 2%"
84,Σαλάτα κινόα με μπρόκολο και κουνουπίδι,"Σαλάτα κινόα με μπρόκολο, κουνουπίδι και χούμους"
9,Τορτίγια ολικής με τονοσαλάτα και sweet chili,Wrap ολικής με τονοσαλάτα και sweet chili
99,Φακόσαλατα με φαγόπυρο με κατίκι Δομοκού,"Φακόσαλατα με φαγόπυρο, ψητή γλυκοπατάτα και κατίκι Δομοκού"
