Κωδικός,Πιάτο,Ποσότητα,Παλιά τιμή,Νέα τιμή,Διαφορά
1,"Tropical γιαούρτι 2% με ανανά, flakes καρύδας, lime και μέντα","Tropical γιαούρτι 2% (170γρ), Ντιπάκι μελιού (20γρ)","5,90€","5,50€","-0,40€"
2,"Γιαούρτι 2% με φουντουκοβούτυρο, granola και blueberries","Γιαούρτι 2% με βούτυρο φουντουκιού (170γρ), Ντιπάκι μελιού (20γρ)","5,90€","6,50€","0,60€"
7,Brioche γεμιστό με τονοσαλάτα,Brioche ψωμάκι γεμιστό με τόνο (60γρ),"4,50€","3,90€","-0,60€"
12,Γιαούρτι 2% με σπιτική granola και αποξηραμένα φρούτα,Γιαούρτι 2% και σπιτική granola (200γρ),"5,50€","4,90€","-0,60€"
14,Μεξικάνικη ομελέτα φούρνου με chorizo,Μεξικάνικη ομελέτα (230γρ),"7,50€","6,90€","-0,60€"
17,Ελληνική ομελέτα φούρνου με λαχανικά,Ελληνική ομελέτα (150γρ),"5,50€","4,90€","-0,60€"
20,Sugar free Bitter cake με σοκολάτα,Bitter cake (85γρ),"3,90€","3,50€","-0,40€"
24,Γιαούρτι 2% με μέλι φρούτα και ξηρούς καρπούς,"Γιαούρτι 2% με μέλι (170γρ), Ντιπάκι μελιού (20γρ)","5,40€","5,50€","0,10€"
25,Pancakes βρώμης με φυστικοβούτυρο και μέλι,"Pancakes βρώμης με φυστικοβούτυρο (100γρ), Ντιπάκι μελιού (30γρ)","6,50€","5,90€","-0,60€"
36,Pancakes βρώμης με σιρόπι σφενδάμου και berries,"Pancakes βρώμης με σιρόπι σφενδάμου (100γρ), Ντιπάκι σφενδάμου (30γρ)","6,50€","5,90€","-0,60€"
41,Fitpal Energy Ball με χουρμάδες,Energy ball με φουντούκι (40γρ),"2,90€","3,50€","0,60€"
46,Sugar free chocolate cake,Κέικ με κακάο (70γρ),"3,90€","3,50€","-0,40€"
47,Φρουτοσαλάτα εποχής,Φρουτοσαλάτα (265γρ),"3,40€","3,90€","0,50€"
48,Sugar free cake βανίλιας με σταγόνες μαύρης σοκολάτας,Κέικ βανίλιας (70γρ),"3,90€","3,50€","-0,40€"
50,Sugar free Lemon poppy seeds cake,Κέικ λεμονιού (70γρ),"3,90€","3,50€","-0,40€"
51,Ισπανική ομελέτα φούρνου με λαχανικά,Ισπανική ομελέτα (180γρ),"5,50€","4,90€","-0,60€"
54,Fitpal Cookies με κρέμα φουντουκιού και σοκολάτα,Cookies με κρέμα φουντουκιού (50γρ),"2,90€","3,30€","0,40€"
58,Fitpal Bar με φουντουκοβούτυρο και σοκολάτα,Μπάρα με φουντουκοβούτυρο και μαύρη σοκολάτα (50γρ),"2,90€","3,90€","1,00€"
61,Blueberry chia pudding με γάλα αμυγδάλου,"Blueberry-almond milk chia pudding (200γρ), Ντιπάκι μελιού (20γρ)","5,90€","6,90€","1,00€"
64,Bagel ζέας με καπνιστό σολομό,Bagel ζέας με καπνιστό σολομό (120γρ),"6,90€","7,90€","1,00€"
74,Ατομική πράσινη σαλάτα με τοματίνια και αγγούρι,"Ατομική σαλάτα (180γρ), Dressing (20γρ)","2,90€","3,90€","1,00€"
88,"Σαλάτα με φινόκιο, αγκινάρα και μαυρομάτικα","Φινόκιο (100γρ), Αγκινάρα (60γρ)","8,50€","7,90€","-0,60€"
93,Στραπατσάδα bowl με γαλοπούλα και ανθότυρο,Στραπατσάδα (160γρ),"8,90€","7,90€","-1,00€"
101,Ατομική σαλάτα με βραστά λαχανικά και ελαιόλαδο,"Ατομική σαλάτα (200γρ), Dressing (20γρ)","3,90€","4,90€","1,00€"
221,Pancakes με κρέμα cheesecake και μαρμελάδα φράουλα,Pancakes βρώμης με κρέμα cheesecake (100γρ),"6,90€","6,50€","-0,40€"
236,Fitpal Bar με φιστίκι Αιγίνης και λευκή σοκολάτα,Μπάρα με φιστίκι Αιγίνης και λευκή σοκολάτα (50γρ),"2,90€","3,50€","0,60€"
241,"Γιαούρτι 2% με βρώμη, πορτοκάλι και μαύρη σοκολάτα",Γιαούρτι 2% με βρώμη (170γρ),"5,90€","5,50€","-0,40€"
254,Sugar free Cheesecake φούρνου,Cheesecake φούρνου (150γρ),"5,50€","4,90€","-0,60€"
260,"Ομελέτα φούρνου με γλυκοπατάτες, φέτα light και σπανάκι",Ομελέτα φούρνου με γλυκοπατάτες (200γρ),"6,50€","5,50€","-1,00€"
281,Healthy cheesecake με μαρμελάδα βύσσινο,Healthy cheesecake (160γρ),"5,50€","4,90€","-0,60€"
301,"Mango Salmon Bowl με ρύζι basmati, σολομός σχάρας, πράσινη σαλάτα, κάσιους, guacamole, ντοματίνια, πίκλα κόκκινο λάχανο και mango-lime dressing","Ρύζι (110γρ), Σολομός (90γρ), Λαχανικά (30γρ), Κάσιους (10γρ), Guacamole (20γρ), Ντοματίνια (30γρ), Πίκλα κόκκινο λάχανο (30γρ), Mango Lime Dressing (30γρ)","14,90€","12,90€","-2,00€"
302,"Steak Protein Bowl με ρύζι basmati, μοσχάρι σχάρας, πράσινη σαλάτα, χούμους, ντοματίνια, broccoli coleslaw, κόκκινο λάχανο πίκλα και dressing βαλσάμικο","Ρύζι (110γρ), Μοσχάρι (90γρ), Λαχανικά (30γρ), Χούμους (40γρ), Ντοματίνια (30γρ), Coleslaw broccoli (50γρ), Πίκλα κόκκινο λάχανο (30γρ), Dressing βαλσάμικο (35γρ)","9,90€","14,90€","5,00€"
303,"Steakhouse Bowl με καστανό ρύζι, μοσχάρι σχάρας, πράσινη σαλάτα, feta chili cream, αγγούρι, crispy onion και garlic aioli dressing","Καστανό ρύζι (110γρ), Μοσχάρι (90γρ), Λαχανικά (30γρ), Feta Chili Cream (40γρ), Αγγούρι (30γρ), Crispy Onios (15γρ), Garlic Aioli Dressing (30γρ)","8,50€","15,50€","7,00€"
305,"Falafel Vegan Bowl ρύζι basmati, falafel φούρνου, τόφου, πράσινη σαλάτα, χούμους, αγγούρι, πίκλα κόκκινο λάχανο, broccolli vegan coleslaw και tahini-soy dressing","Ρύζι (110γρ), Φαλάφελ (90γρ), Τόφου (30γρ), Λαχανικά (30γρ), Χούμους (20γρ), Αγγούρι (30γρ), Πίκλα κόκκινο λάχανο (30γρ), Coleslaw broccoli Vegan (50γρ), Tahini Soy Dressing (35γρ)","9,50€","8,50€","-1,00€"
306,"Vegan Power Bowl με καστανό ρύζι, ψητά λαχανικά, πράσινη σαλάτα, μπρόκολο, χούμους, αβοκάντο,
ντοματίνια και olive oil lemon dressing","Καστανό ρύζι (110γρ), Λαχανικά ψητά (80γρ), Λαχανικά ωμά (30γρ), Μπρόκολο (20γρ), Χούμους (20γρ), Αβοκάντο (30γρ), Ντοματίνια (30γρ), Olive Oil Lemon Dressing (30γρ)","12,90€","8,50€","-4,40€"
307,"Sweet Potato Chicken Bowl με ρύζι basmati, κοτόπουλο σχάρας, πράσινη σαλάτα, γλυκοπατάτα ψητή, χούμους, αγγούρι, φιστίκι και yogurt dressing","Ρύζι (110γρ), Κοτόπουλο στήθος (90γρ), Λαχανικά (30γρ), Γλυκοπατάτα (70γρ), Χούμους (40γρ), Αγγούρι (30γρ), Φυστίκι αιγίνης (10γρ), Yogurt Dressing (35γρ)","14,90€","9,50€","-5,40€"
308,"Avocado Chicken Bowl με καστανό ρύζι, κοτόπουλο σχάρας, πράσινη σαλάτα, guacamole, κολοκυθόσπορο, ντοματίνια, αγγούρι και mango-lime dressing","Καστανό ρύζι (110γρ), Κοτόπουλο στήθος (90γρ), Λαχανικά (30γρ), Guacamole (40γρ), Κολοκυθόσπορο (10γρ), Ντοματίνια (30γρ), Αγγούρι (30γρ), Mango Lime Dressing (35γρ)","8,50€","9,90€","1,40€"
309,"Protein Mix Bowl με ρύζι basmati, κοτόπουλο σχάρας, πράσινη σαλάτα, τόνος, χούμους, ντοματίνια, αγγούρι, κόλιανδρο, πίκλα κόκκινο κρεμμύδι και olive oil lemon dressing","Ρύζι (110γρ), Κοτόπουλο στήθος (60γρ), Λαχανικά (30γρ), Τόνος (60γρ), Χούμους (40γρ), Ντοματίνια (30γρ), Αγγούρι (30γρ), Κόλιανδρος (5γρ), Πίκλα κόκκινο λάχανο (15γρ), Olive Oil Lemon Dressing (30γρ)","9,50€","9,90€","0,40€"
310,"Green Fitness Bowl με πράσινη σαλάτα, φαγόπυρο, κινόα, κοτόπουλο σχάρας, αβοκάντο,
αγγούρι, φράουλες, ντοματίνια και olive oil lemon dressing","Λαχανικά (40γρ), Φαγόπυρο (40γρ), Κινόα (90γρ), Κοτόπουλο στήθος (90γρ), Αβοκάντο (30γρ), Αγγούρι (30γρ), Φράουλα (20γρ), Ντοματίνια (30γρ), Olive Oil Lemon Dressing (30γρ)","9,90€","9,50€","-0,40€"
5-2,Roast Beef Sandwich με ψωμί ολικής και γραβίερα light,"Ψωμί ολικής (120γρ), Φιλέτο μοσχάρι (60γρ)","8,50€","8,90€","0,40€"
6-1,Roast Beef Sandwich με ψωμί ολικής και horseradish,"Ψωμί ολικής (60γρ), Φιλέτο μοσχάρι (60γρ), Horseradish (8γρ)","6,50€","7,50€","1,00€"
6-2,Roast Beef Sandwich με ψωμί ολικής και horseradish,"Ψωμί ολικής (120γρ), Φιλέτο μοσχάρι (90γρ), Horseradish (15γρ)","7,90€","9,90€","2,00€"
8-2,"Wrap ολικής με κοτοσαλάτα, καλαμπόκι, αμύγδαλα και γιαούρτι 2%",Chicken Salad Wrap με φιλέτο κοτόπουλο (90γρ),"6,50€","6,90€","0,40€"
9-2,Wrap ολικής με τονοσαλάτα και sweet chili,Wrap ολικής γεμιστό με τονοσαλάτα (90γρ),"6,90€","7,50€","0,60€"
18-1,"Wrap ολικής με falafel φούρνου, γιαούρτι 2% και sauce ταχίνι",Wrap ολικής με falafel φούρνου (60γρ),"4,90€","4,50€","-0,40€"
19-1,"Wrap ολικής με falafel φούρνου, vegan mayo και sauce ταχίνι",Wrap ολικής με falafel φούρνου και μαγιονέζα vegan (60γρ),"4,90€","4,50€","-0,40€"
19-2,"Wrap ολικής με falafel φούρνου, vegan mayo και sauce ταχίνι",Wrap ολικής με falafel φούρνου και μαγιονέζα vegan (90γρ),"5,90€","5,50€","-0,40€"
26-1,Ceasar salad wrap ολικής με στήθος κοτόπουλο,Caesar Wrap με φιλέτο κοτόπουλο (60γρ),"5,50€","5,90€","0,40€"
32-1,"Wrap ολικής με φιλέτο κοτόπουλο, αβοκάντο και κρέμα μουστάρδας","Wrap ολικής (60γρ), Φιλέτο κοτόπουλο (30γρ), Καλαμπόκι (10γρ)","4,50€","4,90€","0,40€"
62-1,Tofu Toast με guacamole με ψωμί ολικής,"Ψωμί ολικής (60γρ), Guacamole (30γρ), Tofu (40γρ)","5,50€","4,90€","-0,60€"
67-1,Original toast με ψωμί ολικής τυρί και γαλοπούλα,"Ψωμί ολικής (60γρ), Κίτρινο τυρί light (15γρ)","4,50€","3,90€","-0,60€"
70-1,Φιλέτο στήθος κοτόπουλο ψητό με σαλάτα ταμπουλέ,"Φιλέτο κοτόπουλο (120γρ), Ταμπουλέ (170γρ)","8,90€","8,50€","-0,40€"
70-2,Φιλέτο στήθος κοτόπουλο ψητό με σαλάτα ταμπουλέ,"Φιλέτο κοτόπουλο (150γρ), Ταμπουλέ (170γρ)","9,90€","9,50€","-0,40€"
70-3,Φιλέτο στήθος κοτόπουλο ψητό με σαλάτα ταμπουλέ,"Φιλέτο κοτόπουλο (180γρ), Ταμπουλέ (170γρ)","10,90€","10,50€","-0,40€"
70-4,Φιλέτο στήθος κοτόπουλο ψητό με σαλάτα ταμπουλέ,"Φιλέτο κοτόπουλο (210γρ), Ταμπουλέ (170γρ)","11,90€","11,50€","-0,40€"
72-1,Ceasar salad με φιλέτο κοτόπουλο,"Caesar σαλάτα με φιλέτο κοτόπουλο (30γρ), Dressing (70γρ)","9,50€","8,90€","-0,60€"
72-2,Ceasar salad με φιλέτο κοτόπουλο,"Caesar σαλάτα με φιλέτο κοτόπουλο (60γρ), Dressing (70γρ)","8,90€","9,40€","0,50€"
73-1,"Σαλάτα με μανιτάρια, φέτα light, χόρτα και φυστίκι Αιγίνης","Ψητά μανιτάρια (200γρ), Φέτα light (30γρ), Dressing (20γρ)","8,90€","9,90€","1,00€"
73-2,"Σαλάτα με μανιτάρια, φέτα light, χόρτα και φυστίκι Αιγίνης","Ψητά μανιτάρια (200γρ), Φέτα light (60γρ), Dressing (20γρ)","9,90€","10,90€","1,00€"
73-3,"Σαλάτα με μανιτάρια, φέτα light, χόρτα και φυστίκι Αιγίνης","Ψητά μανιτάρια (200γρ), Φέτα light (90γρ), Dressing (20γρ)","10,90€","11,90€","1,00€"
81-2,Cobb salad με φιλέτο κοτόπουλο και αυγό βραστό,"Cobb salad με φιλέτο κοτόπουλο (60γρ), Κατίκι (30γρ), Dressing (20γρ)","9,90€","9,40€","-0,50€"
81-3,Cobb salad με φιλέτο κοτόπουλο και αυγό βραστό,"Cobb salad με φιλέτο κοτόπουλο (60γρ), Κατίκι (60γρ), Dressing (20γρ)","10,90€","9,90€","-1,00€"
89-2,Caprese με τοματίνια και μοτσαρέλα,"Caprese με μοτσαρέλα (60γρ), Dressing (20γρ)","8,90€","8,40€","-0,50€"
89-3,Caprese με τοματίνια και μοτσαρέλα,"Caprese με μοτσαρέλα (90γρ), Dressing (20γρ)","9,90€","8,90€","-1,00€"
91-1,Mediterranean tuna salad,Mediterranean Tuna salad (60γρ),"8,90€","8,50€","-0,40€"
91-2,Mediterranean tuna salad,Mediterranean Tuna salad (90γρ),"9,90€","9,50€","-0,40€"
91-3,Mediterranean tuna salad,Mediterranean Tuna salad (120γρ),"10,90€","10,50€","-0,40€"
94-2,"Salmon bowl με ψητό σολομό, μάυρο ρύζι και κινόα",Salmon bowl (90γρ),"12,50€","12,90€","0,40€"
94-3,"Salmon bowl με ψητό σολομό, μάυρο ρύζι και κινόα",Salmon bowl (120γρ),"13,90€","14,90€","1,00€"
100-4,Φακές σαλάτα με μαύρο ρύζι και κατίκι Δομοκού,"Φακές σαλάτα (300γρ), Κατίκι Δομοκού (30γρ)","7,90€","8,40€","0,50€"
100-5,Φακές σαλάτα με μαύρο ρύζι και κατίκι Δομοκού,"Φακές σαλάτα (300γρ), Κατίκι Δομοκού (60γρ)","8,50€","8,90€","0,40€"
100-6,Φακές σαλάτα με μαύρο ρύζι και κατίκι Δομοκού,"Φακές σαλάτα (300γρ), Κατίκι Δομοκού (90γρ)","8,90€","9,40€","0,50€"
107-2,Chicken Curry Salad,Chicken curry salad (90γρ),"9,90€","9,40€","-0,50€"
107-3,Chicken Curry Salad,Chicken curry salad (120γρ),"10,90€","9,90€","-1,00€"
109-1,"Σαλάτα με ψητά λαχανικά, ανθότυρο, φαγόπυρο και φιστίκι Αιγίνης","Ψητά λαχανικά (150γρ), Ανθότυρο (30γρ), Dressing (20γρ)","8,50€","9,40€","0,90€"
109-2,"Σαλάτα με ψητά λαχανικά, ανθότυρο, φαγόπυρο και φιστίκι Αιγίνης","Ψητά λαχανικά (150γρ), Ανθότυρο (60γρ), Dressing (20γρ)","8,90€","9,90€","1,00€"
109-3,"Σαλάτα με ψητά λαχανικά, ανθότυρο, φαγόπυρο και φιστίκι Αιγίνης","Ψητά λαχανικά (150γρ), Ανθότυρο (90γρ), Dressing (20γρ)","9,50€","10,40€","0,90€"
111-2,Ιμάμ μελιτζάνας με φέτα light,"Ιμάμ (230γρ), Φέτα light (60γρ)","7,50€","7,40€","-0,10€"
111-3,Ιμάμ μελιτζάνας με φέτα light,"Ιμάμ (340γρ), Φέτα light (30γρ)","7,50€","7,40€","-0,10€"
111-5,Ιμάμ μελιτζάνας με φέτα light,"Ιμάμ (340γρ), Φέτα light (90γρ)","8,50€","8,40€","-0,10€"
111-6,Ιμάμ μελιτζάνας με φέτα light,"Ιμάμ (450γρ), Φέτα light (30γρ)","8,90€","8,40€","-0,50€"
111-8,Ιμάμ μελιτζάνας με φέτα light,"Ιμάμ (450γρ), Φέτα light (90γρ)","9,50€","9,40€","-0,10€"
111-9,Ιμάμ μελιτζάνας με φέτα light,"Ιμάμ (560γρ), Φέτα light (60γρ)","9,50€","9,40€","-0,10€"
112-2,"Λαχανόρυζο με ντομάτα, μυρωδικά και φέτα light","Λαχανόρυζο (280γρ), Φέτα light (60γρ)","7,50€","7,40€","-0,10€"
112-3,"Λαχανόρυζο με ντομάτα, μυρωδικά και φέτα light","Λαχανόρυζο (380γρ), Φέτα light (30γρ)","7,50€","7,40€","-0,10€"
112-5,"Λαχανόρυζο με ντομάτα, μυρωδικά και φέτα light","Λαχανόρυζο (380γρ), Φέτα light (90γρ)","8,50€","8,40€","-0,10€"
112-6,"Λαχανόρυζο με ντομάτα, μυρωδικά και φέτα light","Λαχανόρυζο (460γρ), Φέτα light (30γρ)","8,90€","8,40€","-0,50€"
112-8,"Λαχανόρυζο με ντομάτα, μυρωδικά και φέτα light","Λαχανόρυζο (460γρ), Φέτα light (90γρ)","9,50€","9,40€","-0,10€"
112-9,"Λαχανόρυζο με ντομάτα, μυρωδικά και φέτα light","Λαχανόρυζο (560γρ), Φέτα light (60γρ)","9,50€","9,40€","-0,10€"
113-2,Φασολάδα παραδοσιακή με φέτα light,"Φασολάδα (250γρ), Φέτα light (60γρ)","7,50€","7,40€","-0,10€"
113-3,Φασολάδα παραδοσιακή με φέτα light,"Φασολάδα (300γρ), Φέτα light (30γρ)","7,50€","7,40€","-0,10€"
113-5,Φασολάδα παραδοσιακή με φέτα light,"Φασολάδα (300γρ), Φέτα light (90γρ)","8,50€","8,40€","-0,10€"
113-6,Φασολάδα παραδοσιακή με φέτα light,"Φασολάδα (350γρ), Φέτα light (30γρ)","8,90€","8,40€","-0,50€"
113-8,Φασολάδα παραδοσιακή με φέτα light,"Φασολάδα (350γρ), Φέτα light (90γρ)","9,50€","9,40€","-0,10€"
113-9,Φασολάδα παραδοσιακή με φέτα light,"Φασολάδα (400γρ), Φέτα light (60γρ)","9,50€","9,40€","-0,10€"
115-2,"Ρεβίθια σούπα με δενδρολίβανο, καρότα και φέτα light","Ρεβίθια σούπα (250γρ), Φέτα light (60γρ)","7,50€","7,40€","-0,10€"
115-3,"Ρεβίθια σούπα με δενδρολίβανο, καρότα και φέτα light","Ρεβίθια σούπα (300γρ), Φέτα light (30γρ)","7,50€","7,40€","-0,10€"
115-5,"Ρεβίθια σούπα με δενδρολίβανο, καρότα και φέτα light","Ρεβίθια σούπα (300γρ), Φέτα light (90γρ)","8,50€","8,40€","-0,10€"
115-6,"Ρεβίθια σούπα με δενδρολίβανο, καρότα και φέτα light","Ρεβίθια σούπα (350γρ), Φέτα light (30γρ)","8,90€","8,40€","-0,50€"
115-8,"Ρεβίθια σούπα με δενδρολίβανο, καρότα και φέτα light","Ρεβίθια σούπα (350γρ), Φέτα light (90γρ)","9,50€","9,40€","-0,10€"
115-9,"Ρεβίθια σούπα με δενδρολίβανο, καρότα και φέτα light","Ρεβίθια σούπα (400γρ), Φέτα light (60γρ)","9,50€","9,40€","-0,10€"
117-1,"Γλυκόξυνο κοτόπουλο με ανανά, πιπεριές και ρύζι basmati","Γλυκόξινο κοτόπουλο (120γρ), Ρύζι basmati (60γρ)","8,50€","8,40€","-0,10€"
117-3,"Γλυκόξυνο κοτόπουλο με ανανά, πιπεριές και ρύζι basmati","Γλυκόξινο κοτόπουλο (120γρ), Ρύζι basmati (180γρ)","9,50€","9,40€","-0,10€"
117-4,"Γλυκόξυνο κοτόπουλο με ανανά, πιπεριές και ρύζι basmati","Γλυκόξινο κοτόπουλο (150γρ), Ρύζι basmati (60γρ)","9,50€","9,40€","-0,10€"
117-6,"Γλυκόξυνο κοτόπουλο με ανανά, πιπεριές και ρύζι basmati","Γλυκόξινο κοτόπουλο (150γρ), Ρύζι basmati (180γρ)","10,50€","10,40€","-0,10€"
117-7,"Γλυκόξυνο κοτόπουλο με ανανά, πιπεριές και ρύζι basmati","Γλυκόξινο κοτόπουλο (180γρ), Ρύζι basmati (120γρ)","10,50€","10,40€","-0,10€"
117-9,"Γλυκόξυνο κοτόπουλο με ανανά, πιπεριές και ρύζι basmati","Γλυκόξινο κοτόπουλο (180γρ), Ρύζι basmati (240γρ)","11,50€","11,40€","-0,10€"
119-2,"Noodles με ψητό σολομό, σπανάκι και teriyaki sauce","Noodles αυγού (200γρ), Σολομός ψητός (120γρ)","15,50€","15,90€","0,40€"
120-1,Κριθαράκι ολικής με κινόα και λαχανικά,Κριθαράκι ολικής με πολύχρωμη κινόα (300γρ),"7,90€","6,90€","-1,00€"
120-2,Κριθαράκι ολικής με κινόα και λαχανικά,Κριθαράκι ολικής με πολύχρωμη κινόα (350γρ),"8,50€","7,40€","-1,10€"
120-3,Κριθαράκι ολικής με κινόα και λαχανικά,Κριθαράκι ολικής με πολύχρωμη κινόα (400γρ),"8,90€","7,90€","-1,00€"
124-1,Κολοκυθοκεφτέδες φούρνου με ψητά λαχανικά και φέτα light,Κολοκυθοκεφτέδες (180γρ),"7,90€","8,50€","0,60€"
124-3,Κολοκυθοκεφτέδες φούρνου με ψητά λαχανικά και φέτα light,Κολοκυθοκεφτέδες (300γρ),"9,90€","9,50€","-0,40€"
125-2,"Άγριο ρύζι με μπρόκολο, σπανάκι, τόφου και teriyaki sauce",Άγριο ρύζι με μπρόκολο (380γρ),"8,40€","8,50€","0,10€"
127-1,Σούπα Borscht με μοσχάρο και τυρί κρέμα light,Σούπα Borscht (350γρ),"9,90€","11,50€","1,60€"
127-2,Σούπα Borscht με μοσχάρο και τυρί κρέμα light,Σούπα Borscht (400γρ),"10,90€","12,50€","1,60€"
127-3,Σούπα Borscht με μοσχάρο και τυρί κρέμα light,Σούπα Borscht (450γρ),"11,90€","13,50€","1,60€"
128-1,"Σούπα βελουτέ κολοκύθας, κάστανο και σπιτικά κρουτόν","Σούπα (300γρ), Κρουτόν (20γρ)","7,50€","7,90€","0,40€"
128-2,"Σούπα βελουτέ κολοκύθας, κάστανο και σπιτικά κρουτόν","Σούπα (350γρ), Κρουτόν (20γρ)","7,90€","8,50€","0,60€"
128-3,"Σούπα βελουτέ κολοκύθας, κάστανο και σπιτικά κρουτόν","Σούπα (400γρ), Κρουτόν (20γρ)","8,50€","8,90€","0,40€"
129-1,Φιλέτο κοτόπουλο με άγριο ρύζι και σάλτσα μουστάρδας,"Φιλέτο κοτόπουλο (120γρ), Άγριο ρύζι (60γρ)","8,50€","8,40€","-0,10€"
129-3,Φιλέτο κοτόπουλο με άγριο ρύζι και σάλτσα μουστάρδας,"Φιλέτο κοτόπουλο (120γρ), Άγριο ρύζι (180γρ)","9,50€","9,40€","-0,10€"
129-4,Φιλέτο κοτόπουλο με άγριο ρύζι και σάλτσα μουστάρδας,"Φιλέτο κοτόπουλο (150γρ), Άγριο ρύζι (60γρ)","9,50€","9,40€","-0,10€"
129-6,Φιλέτο κοτόπουλο με άγριο ρύζι και σάλτσα μουστάρδας,"Φιλέτο κοτόπουλο (150γρ), Άγριο ρύζι (180γρ)","10,50€","10,40€","-0,10€"
129-7,Φιλέτο κοτόπουλο με άγριο ρύζι και σάλτσα μουστάρδας,"Φιλέτο κοτόπουλο (180γρ), Άγριο ρύζι (120γρ)","10,50€","10,40€","-0,10€"
129-9,Φιλέτο κοτόπουλο με άγριο ρύζι και σάλτσα μουστάρδας,"Φιλέτο κοτόπουλο (180γρ), Άγριο ρύζι (240γρ)","11,50€","11,40€","-0,10€"
130-1,"Spicy κουνουπίδι με χαλούμι, σπανάκι και άγριο ρύζι","Κουνουπίδι (90γρ), Χαλούμι (40γρ), Άγριο ρύζι (120γρ)","7,90€","7,50€","-0,40€"
130-2,"Spicy κουνουπίδι με χαλούμι, σπανάκι και άγριο ρύζι","Κουνουπίδι (100γρ), Χαλούμι (70γρ), Άγριο ρύζι (180γρ)","8,50€","7,90€","-0,60€"
130-3,"Spicy κουνουπίδι με χαλούμι, σπανάκι και άγριο ρύζι","Κουνουπίδι (120γρ), Χαλούμι (100γρ), Άγριο ρύζι (180γρ)","8,90€","8,50€","-0,40€"
131-1,Σούπα μανιταριών βελουτέ με σπιτικά κρουτόν,"Σούπα (300γρ), Κρουτόν (20γρ)","9,90€","11,50€","1,60€"
131-2,Σούπα μανιταριών βελουτέ με σπιτικά κρουτόν,"Σούπα (350γρ), Κρουτόν (20γρ)","10,90€","12,50€","1,60€"
131-3,Σούπα μανιταριών βελουτέ με σπιτικά κρουτόν,"Σούπα (400γρ), Κρουτόν (20γρ)","11,90€","13,50€","1,60€"
132-2,Μαυρομάτικα φασόλια κοκκινιστά με σπανάκι και φέτα light,"Μαυρομάτικα φασόλια (250γρ), Φέτα light (60γρ)","7,50€","7,40€","-0,10€"
132-4,Μαυρομάτικα φασόλια κοκκινιστά με σπανάκι και φέτα light,"Μαυρομάτικα φασόλια (350γρ), Φέτα light (60γρ)","8,50€","8,40€","-0,10€"
132-6,Μαυρομάτικα φασόλια κοκκινιστά με σπανάκι και φέτα light,"Μαυρομάτικα φασόλια (450γρ), Φέτα light (30γρ)","8,50€","8,40€","-0,10€"
132-8,Μαυρομάτικα φασόλια κοκκινιστά με σπανάκι και φέτα light,"Μαυρομάτικα φασόλια (450γρ), Φέτα light (90γρ)","9,50€","9,40€","-0,10€"
132-9,Μαυρομάτικα φασόλια κοκκινιστά με σπανάκι και φέτα light,"Μαυρομάτικα φασόλια (500γρ), Φέτα light (60γρ)","9,50€","9,40€","-0,10€"
135-1,Ψαρονέφρι με άγριο ρύζι και σάλτσα σόγια-μέλι-τζίντζερ,"Ψαρονέφρι (120γρ), Άγριο ρύζι (60γρ)","10,50€","9,90€","-0,60€"
135-2,Ψαρονέφρι με άγριο ρύζι και σάλτσα σόγια-μέλι-τζίντζερ,"Ψαρονέφρι (120γρ), Άγριο ρύζι (120γρ)","10,90€","10,40€","-0,50€"
135-3,Ψαρονέφρι με άγριο ρύζι και σάλτσα σόγια-μέλι-τζίντζερ,"Ψαρονέφρι (120γρ), Άγριο ρύζι (180γρ)","11,50€","10,90€","-0,60€"
135-4,Ψαρονέφρι με άγριο ρύζι και σάλτσα σόγια-μέλι-τζίντζερ,"Ψαρονέφρι (150γρ), Άγριο ρύζι (60γρ)","11,50€","10,90€","-0,60€"
135-5,Ψαρονέφρι με άγριο ρύζι και σάλτσα σόγια-μέλι-τζίντζερ,"Ψαρονέφρι (150γρ), Άγριο ρύζι (120γρ)","11,90€","11,40€","-0,50€"
135-6,Ψαρονέφρι με άγριο ρύζι και σάλτσα σόγια-μέλι-τζίντζερ,"Ψαρονέφρι (150γρ), Άγριο ρύζι (180γρ)","12,50€","11,90€","-0,60€"
135-7,Ψαρονέφρι με άγριο ρύζι και σάλτσα σόγια-μέλι-τζίντζερ,"Ψαρονέφρι (180γρ), Άγριο ρύζι (120γρ)","12,50€","11,90€","-0,60€"
135-8,Ψαρονέφρι με άγριο ρύζι και σάλτσα σόγια-μέλι-τζίντζερ,"Ψαρονέφρι (180γρ), Άγριο ρύζι (180γρ)","12,90€","12,40€","-0,50€"
135-9,Ψαρονέφρι με άγριο ρύζι και σάλτσα σόγια-μέλι-τζίντζερ,"Ψαρονέφρι (180γρ), Άγριο ρύζι (240γρ)","13,50€","12,90€","-0,60€"
136-1,Μοσχαρίσια κεφτεδάκια με πατάτες φούρνου και σάλτσα μουστάρδας,"Κεφτεδάκια (120γρ), Πατάτες φούρνου (80γρ)","8,50€","7,90€","-0,60€"
136-2,Μοσχαρίσια κεφτεδάκια με πατάτες φούρνου και σάλτσα μουστάρδας,"Κεφτεδάκια (120γρ), Πατάτες φούρνου (160γρ)","8,90€","8,40€","-0,50€"
136-3,Μοσχαρίσια κεφτεδάκια με πατάτες φούρνου και σάλτσα μουστάρδας,"Κεφτεδάκια (120γρ), Πατάτες φούρνου (240γρ)","9,50€","8,90€","-0,60€"
136-4,Μοσχαρίσια κεφτεδάκια με πατάτες φούρνου και σάλτσα μουστάρδας,"Κεφτεδάκια (160γρ), Πατάτες φούρνου (80γρ)","9,50€","8,90€","-0,60€"
136-5,Μοσχαρίσια κεφτεδάκια με πατάτες φούρνου και σάλτσα μουστάρδας,"Κεφτεδάκια (160γρ), Πατάτες φούρνου (160γρ)","9,90€","9,40€","-0,50€"
136-6,Μοσχαρίσια κεφτεδάκια με πατάτες φούρνου και σάλτσα μουστάρδας,"Κεφτεδάκια (160γρ), Πατάτες φούρνου (240γρ)","10,50€","9,90€","-0,60€"
136-7,Μοσχαρίσια κεφτεδάκια με πατάτες φούρνου και σάλτσα μουστάρδας,"Κεφτεδάκια (200γρ), Πατάτες φούρνου (80γρ)","10,50€","9,90€","-0,60€"
136-8,Μοσχαρίσια κεφτεδάκια με πατάτες φούρνου και σάλτσα μουστάρδας,"Κεφτεδάκια (200γρ), Πατάτες φούρνου (160γρ)","10,90€","10,40€","-0,50€"
136-9,Μοσχαρίσια κεφτεδάκια με πατάτες φούρνου και σάλτσα μουστάρδας,"Κεφτεδάκια (200γρ), Πατάτες φούρνου (240γρ)","11,50€","10,90€","-0,60€"
137-1,Μοσχαρίσια κεφτεδάκια με sauce γιαουρτιού και πιτάκι ολικής,"Κεφτεδάκια (120γρ), Πίτα ολικής (40γρ)","7,90€","8,40€","0,50€"
137-3,Μοσχαρίσια κεφτεδάκια με sauce γιαουρτιού και πιτάκι ολικής,"Κεφτεδάκια (200γρ), Πίτα ολικής (80γρ)","9,90€","9,40€","-0,50€"
137-4,Μοσχαρίσια κεφτεδάκια με sauce γιαουρτιού και πιτάκι ολικής,"Κεφτεδάκια (240γρ), Πίτα ολικής (80γρ)","10,90€","9,90€","-1,00€"
139-2,Μπιφτέκι μοσχαρίσιο με κους κους και ψητά μανιτάρια,"Μπιφτέκι μοσχαρίσιο (120γρ), Κους κους (150γρ)","9,50€","9,40€","-0,10€"
139-4,Μπιφτέκι μοσχαρίσιο με κους κους και ψητά μανιτάρια,"Μπιφτέκι μοσχαρίσιο (150γρ), Κους κους (150γρ)","11,50€","10,40€","-1,10€"
139-6,Μπιφτέκι μοσχαρίσιο με κους κους και ψητά μανιτάρια,"Μπιφτέκι μοσχαρίσιο (180γρ), Κους κους (150γρ)","11,50€","11,40€","-0,10€"
139-8,Μπιφτέκι μοσχαρίσιο με κους κους και ψητά μανιτάρια,"Μπιφτέκι μοσχαρίσιο (210γρ), Κους κους (150γρ)","12,50€","12,40€","-0,10€"
140-1,Μπιφτέκι μοσχαρίσιο με πουρέ γλυκοπατάτας,"Μπιφτέκι μοσχαρίσιο (120γρ), Πουρές γλυκοπατάτας (120γρ)","9,50€","8,90€","-0,60€"
140-2,Μπιφτέκι μοσχαρίσιο με πουρέ γλυκοπατάτας,"Μπιφτέκι μοσχαρίσιο (120γρ), Πουρές γλυκοπατάτας (180γρ)","9,90€","9,40€","-0,50€"
140-3,Μπιφτέκι μοσχαρίσιο με πουρέ γλυκοπατάτας,"Μπιφτέκι μοσχαρίσιο (120γρ), Πουρές γλυκοπατάτας (220γρ)","10,50€","9,90€","-0,60€"
140-4,Μπιφτέκι μοσχαρίσιο με πουρέ γλυκοπατάτας,"Μπιφτέκι μοσχαρίσιο (150γρ), Πουρές γλυκοπατάτας (120γρ)","10,50€","9,90€","-0,60€"
140-5,Μπιφτέκι μοσχαρίσιο με πουρέ γλυκοπατάτας,"Μπιφτέκι μοσχαρίσιο (150γρ), Πουρές γλυκοπατάτας (180γρ)","10,90€","10,40€","-0,50€"
140-6,Μπιφτέκι μοσχαρίσιο με πουρέ γλυκοπατάτας,"Μπιφτέκι μοσχαρίσιο (150γρ), Πουρές γλυκοπατάτας (220γρ)","11,50€","10,90€","-0,60€"
140-7,Μπιφτέκι μοσχαρίσιο με πουρέ γλυκοπατάτας,"Μπιφτέκι μοσχαρίσιο (180γρ), Πουρές γλυκοπατάτας (120γρ)","11,50€","10,90€","-0,60€"
140-8,Μπιφτέκι μοσχαρίσιο με πουρέ γλυκοπατάτας,"Μπιφτέκι μοσχαρίσιο (180γρ), Πουρές γλυκοπατάτας (180γρ)","11,90€","11,40€","-0,50€"
140-9,Μπιφτέκι μοσχαρίσιο με πουρέ γλυκοπατάτας,"Μπιφτέκι μοσχαρίσιο (180γρ), Πουρές γλυκοπατάτας (220γρ)","12,50€","11,90€","-0,60€"
141-1,Μπιφτέκι μοσχαρίσιο με πουρέ καρότου και αμπελοφάσουλα,"Μπιφτέκι μοσχαρίσιο (120γρ), Πουρές καρότου (120γρ)","9,50€","8,90€","-0,60€"
141-2,Μπιφτέκι μοσχαρίσιο με πουρέ καρότου και αμπελοφάσουλα,"Μπιφτέκι μοσχαρίσιο (120γρ), Πουρές καρότου (180γρ)","9,90€","9,40€","-0,50€"
141-3,Μπιφτέκι μοσχαρίσιο με πουρέ καρότου και αμπελοφάσουλα,"Μπιφτέκι μοσχαρίσιο (120γρ), Πουρές καρότου (220γρ)","10,50€","9,90€","-0,60€"
141-4,Μπιφτέκι μοσχαρίσιο με πουρέ καρότου και αμπελοφάσουλα,"Μπιφτέκι μοσχαρίσιο (150γρ), Πουρές καρότου (120γρ)","10,50€","9,90€","-0,60€"
141-5,Μπιφτέκι μοσχαρίσιο με πουρέ καρότου και αμπελοφάσουλα,"Μπιφτέκι μοσχαρίσιο (150γρ), Πουρές καρότου (180γρ)","10,90€","10,40€","-0,50€"
141-6,Μπιφτέκι μοσχαρίσιο με πουρέ καρότου και αμπελοφάσουλα,"Μπιφτέκι μοσχαρίσιο (150γρ), Πουρές καρότου (220γρ)","11,50€","10,90€","-0,60€"
141-7,Μπιφτέκι μοσχαρίσιο με πουρέ καρότου και αμπελοφάσουλα,"Μπιφτέκι μοσχαρίσιο (180γρ), Πουρές καρότου (120γρ)","11,50€","10,90€","-0,60€"
141-8,Μπιφτέκι μοσχαρίσιο με πουρέ καρότου και αμπελοφάσουλα,"Μπιφτέκι μοσχαρίσιο (180γρ), Πουρές καρότου (180γρ)","11,90€","11,40€","-0,50€"
141-9,Μπιφτέκι μοσχαρίσιο με πουρέ καρότου και αμπελοφάσουλα,"Μπιφτέκι μοσχαρίσιο (180γρ), Πουρές καρότου (220γρ)","12,50€","11,90€","-0,60€"
142-1,Μπιφτέκι μοσχαρίσιο με ρύζι basmati και ψητά καρότα,"Μπιφτέκι μοσχαρίσιο (120γρ), Ρύζι basmati (60γρ)","9,50€","8,90€","-0,60€"
142-2,Μπιφτέκι μοσχαρίσιο με ρύζι basmati και ψητά καρότα,"Μπιφτέκι μοσχαρίσιο (120γρ), Ρύζι basmati (120γρ)","9,90€","9,40€","-0,50€"
142-3,Μπιφτέκι μοσχαρίσιο με ρύζι basmati και ψητά καρότα,"Μπιφτέκι μοσχαρίσιο (120γρ), Ρύζι basmati (180γρ)","10,50€","9,90€","-0,60€"
142-4,Μπιφτέκι μοσχαρίσιο με ρύζι basmati και ψητά καρότα,"Μπιφτέκι μοσχαρίσιο (150γρ), Ρύζι basmati (60γρ)","10,50€","9,90€","-0,60€"
142-5,Μπιφτέκι μοσχαρίσιο με ρύζι basmati και ψητά καρότα,"Μπιφτέκι μοσχαρίσιο (150γρ), Ρύζι basmati (120γρ)","10,90€","10,40€","-0,50€"
142-6,Μπιφτέκι μοσχαρίσιο με ρύζι basmati και ψητά καρότα,"Μπιφτέκι μοσχαρίσιο (150γρ), Ρύζι basmati (180γρ)","11,50€","10,90€","-0,60€"
142-7,Μπιφτέκι μοσχαρίσιο με ρύζι basmati και ψητά καρότα,"Μπιφτέκι μοσχαρίσιο (180γρ), Ρύζι basmati (120γρ)","11,50€","10,90€","-0,60€"
142-8,Μπιφτέκι μοσχαρίσιο με ρύζι basmati και ψητά καρότα,"Μπιφτέκι μοσχαρίσιο (180γρ), Ρύζι basmati (180γρ)","11,90€","11,40€","-0,50€"
142-9,Μπιφτέκι μοσχαρίσιο με ρύζι basmati και ψητά καρότα,"Μπιφτέκι μοσχαρίσιο (180γρ), Ρύζι basmati (240γρ)","12,50€","11,90€","-0,60€"
143-1,Μπιφτέκι μοσχαρίσιο με πουρέ πατάτας,"Μπιφτέκι μοσχαρίσιο (120γρ), Πουρές πατάτας (120γρ)","9,50€","8,90€","-0,60€"
143-2,Μπιφτέκι μοσχαρίσιο με πουρέ πατάτας,"Μπιφτέκι μοσχαρίσιο (120γρ), Πουρές πατάτας (150γρ)","9,90€","9,40€","-0,50€"
143-3,Μπιφτέκι μοσχαρίσιο με πουρέ πατάτας,"Μπιφτέκι μοσχαρίσιο (120γρ), Πουρές πατάτας (200γρ)","10,50€","9,90€","-0,60€"
143-4,Μπιφτέκι μοσχαρίσιο με πουρέ πατάτας,"Μπιφτέκι μοσχαρίσιο (150γρ), Πουρές πατάτας (120γρ)","10,50€","9,90€","-0,60€"
143-5,Μπιφτέκι μοσχαρίσιο με πουρέ πατάτας,"Μπιφτέκι μοσχαρίσιο (150γρ), Πουρές πατάτας (150γρ)","10,90€","10,40€","-0,50€"
143-6,Μπιφτέκι μοσχαρίσιο με πουρέ πατάτας,"Μπιφτέκι μοσχαρίσιο (150γρ), Πουρές πατάτας (200γρ)","11,50€","10,90€","-0,60€"
143-7,Μπιφτέκι μοσχαρίσιο με πουρέ πατάτας,"Μπιφτέκι μοσχαρίσιο (180γρ), Πουρές πατάτας (120γρ)","11,50€","10,90€","-0,60€"
143-8,Μπιφτέκι μοσχαρίσιο με πουρέ πατάτας,"Μπιφτέκι μοσχαρίσιο (180γρ), Πουρές πατάτας (150γρ)","11,90€","11,40€","-0,50€"
143-9,Μπιφτέκι μοσχαρίσιο με πουρέ πατάτας,"Μπιφτέκι μοσχαρίσιο (180γρ), Πουρές πατάτας (200γρ)","12,50€","11,90€","-0,60€"
144-4,Φιλέτο μοσχαρίσιο με πουρέ σελινόριζας και gravy sauce,"Φιλέτο μοσχαρίσιο (150γρ), Πουρές σελινόριζας (120γρ)","17,50€","18,90€","1,40€"
144-5,Φιλέτο μοσχαρίσιο με πουρέ σελινόριζας και gravy sauce,"Φιλέτο μοσχαρίσιο (150γρ), Πουρές σελινόριζας (180γρ)","17,90€","19,50€","1,60€"
144-6,Φιλέτο μοσχαρίσιο με πουρέ σελινόριζας και gravy sauce,"Φιλέτο μοσχαρίσιο (150γρ), Πουρές σελινόριζας (240γρ)","18,50€","19,90€","1,40€"
144-7,Φιλέτο μοσχαρίσιο με πουρέ σελινόριζας και gravy sauce,"Φιλέτο μοσχαρίσιο (180γρ), Πουρές σελινόριζας (120γρ)","18,90€","21,90€","3,00€"
144-8,Φιλέτο μοσχαρίσιο με πουρέ σελινόριζας και gravy sauce,"Φιλέτο μοσχαρίσιο (180γρ), Πουρές σελινόριζας (180γρ)","19,50€","22,50€","3,00€"
144-9,Φιλέτο μοσχαρίσιο με πουρέ σελινόριζας και gravy sauce,"Φιλέτο μοσχαρίσιο (180γρ), Πουρές σελινόριζας (240γρ)","19,90€","22,90€","3,00€"
155-1,Φιλέτο στήθος κοτόπουλο ψητό με πουρέ γλυκοπατάτας,"Φιλέτο κοτόπουλο (120γρ), Πουρές γλυκοπατάτας (120γρ)","8,50€","8,40€","-0,10€"
155-3,Φιλέτο στήθος κοτόπουλο ψητό με πουρέ γλυκοπατάτας,"Φιλέτο κοτόπουλο (120γρ), Πουρές γλυκοπατάτας (220γρ)","9,50€","9,40€","-0,10€"
155-4,Φιλέτο στήθος κοτόπουλο ψητό με πουρέ γλυκοπατάτας,"Φιλέτο κοτόπουλο (150γρ), Πουρές γλυκοπατάτας (120γρ)","9,50€","9,40€","-0,10€"
155-6,Φιλέτο στήθος κοτόπουλο ψητό με πουρέ γλυκοπατάτας,"Φιλέτο κοτόπουλο (150γρ), Πουρές γλυκοπατάτας (220γρ)","10,50€","10,40€","-0,10€"
155-7,Φιλέτο στήθος κοτόπουλο ψητό με πουρέ γλυκοπατάτας,"Φιλέτο κοτόπουλο (180γρ), Πουρές γλυκοπατάτας (120γρ)","10,50€","10,40€","-0,10€"
155-9,Φιλέτο στήθος κοτόπουλο ψητό με πουρέ γλυκοπατάτας,"Φιλέτο κοτόπουλο (180γρ), Πουρές γλυκοπατάτας (220γρ)","11,50€","11,40€","-0,10€"
156-1,Φιλέτο στήθος κοτόπουλο με χόρτα και ψητά μανιτάρια,Φιλέτο κοτόπουλο (120γρ),"8,50€","8,90€","0,40€"
156-2,Φιλέτο στήθος κοτόπουλο με χόρτα και ψητά μανιτάρια,Φιλέτο κοτόπουλο (150γρ),"9,50€","9,90€","0,40€"
156-3,Φιλέτο στήθος κοτόπουλο με χόρτα και ψητά μανιτάρια,Φιλέτο κοτόπουλο (180γρ),"10,50€","10,90€","0,40€"
156-4,Φιλέτο στήθος κοτόπουλο με χόρτα και ψητά μανιτάρια,Φιλέτο κοτόπουλο (210γρ),"11,50€","11,90€","0,40€"
157-1,Φιλέτο στήθος κοτόπουλο με ρύζι basmati και ψητά λαχανικά,"Φιλέτο κοτόπουλο (120γρ), Ρύζι basmati (60γρ)","8,50€","8,40€","-0,10€"
157-3,Φιλέτο στήθος κοτόπουλο με ρύζι basmati και ψητά λαχανικά,"Φιλέτο κοτόπουλο (120γρ), Ρύζι basmati (180γρ)","9,50€","9,40€","-0,10€"
157-4,Φιλέτο στήθος κοτόπουλο με ρύζι basmati και ψητά λαχανικά,"Φιλέτο κοτόπουλο (150γρ), Ρύζι basmati (60γρ)","9,50€","9,40€","-0,10€"
157-6,Φιλέτο στήθος κοτόπουλο με ρύζι basmati και ψητά λαχανικά,"Φιλέτο κοτόπουλο (150γρ), Ρύζι basmati (180γρ)","10,50€","10,40€","-0,10€"
157-7,Φιλέτο στήθος κοτόπουλο με ρύζι basmati και ψητά λαχανικά,"Φιλέτο κοτόπουλο (180γρ), Ρύζι basmati (120γρ)","10,50€","10,40€","-0,10€"
157-9,Φιλέτο στήθος κοτόπουλο με ρύζι basmati και ψητά λαχανικά,"Φιλέτο κοτόπουλο (180γρ), Ρύζι basmati (240γρ)","11,50€","11,40€","-0,10€"
158-1,Φιλέτο στήθος κοτόπουλο με λαχανικά ατμού και σάλτσα μουστάρδας,Φιλέτο κοτόπουλο (120γρ),"8,50€","8,90€","0,40€"
158-2,Φιλέτο στήθος κοτόπουλο με λαχανικά ατμού και σάλτσα μουστάρδας,Φιλέτο κοτόπουλο (150γρ),"9,50€","9,90€","0,40€"
158-3,Φιλέτο στήθος κοτόπουλο με λαχανικά ατμού και σάλτσα μουστάρδας,Φιλέτο κοτόπουλο (180γρ),"10,50€","10,90€","0,40€"
158-4,Φιλέτο στήθος κοτόπουλο με λαχανικά ατμού και σάλτσα μουστάρδας,Φιλέτο κοτόπουλο (210γρ),"11,50€","11,90€","0,40€"
159-1,Φιλέτο στήθος κοτόπουλο με ψητή γλυκοπατάτα,"Φιλέτο κοτόπουλο (120γρ), Ψητή γλυκοπατάτα (120γρ)","8,50€","8,90€","0,40€"
159-2,Φιλέτο στήθος κοτόπουλο με ψητή γλυκοπατάτα,"Φιλέτο κοτόπουλο (120γρ), Ψητή γλυκοπατάτα (150γρ)","8,90€","9,40€","0,50€"
159-3,Φιλέτο στήθος κοτόπουλο με ψητή γλυκοπατάτα,"Φιλέτο κοτόπουλο (120γρ), Ψητή γλυκοπατάτα (200γρ)","9,50€","9,90€","0,40€"
159-4,Φιλέτο στήθος κοτόπουλο με ψητή γλυκοπατάτα,"Φιλέτο κοτόπουλο (150γρ), Ψητή γλυκοπατάτα (120γρ)","9,50€","9,90€","0,40€"
159-5,Φιλέτο στήθος κοτόπουλο με ψητή γλυκοπατάτα,"Φιλέτο κοτόπουλο (150γρ), Ψητή γλυκοπατάτα (150γρ)","9,90€","10,40€","0,50€"
159-6,Φιλέτο στήθος κοτόπουλο με ψητή γλυκοπατάτα,"Φιλέτο κοτόπουλο (150γρ), Ψητή γλυκοπατάτα (200γρ)","10,50€","10,90€","0,40€"
159-7,Φιλέτο στήθος κοτόπουλο με ψητή γλυκοπατάτα,"Φιλέτο κοτόπουλο (180γρ), Ψητή γλυκοπατάτα (120γρ)","10,50€","10,90€","0,40€"
159-8,Φιλέτο στήθος κοτόπουλο με ψητή γλυκοπατάτα,"Φιλέτο κοτόπουλο (180γρ), Ψητή γλυκοπατάτα (150γρ)","10,90€","11,40€","0,50€"
159-9,Φιλέτο στήθος κοτόπουλο με ψητή γλυκοπατάτα,"Φιλέτο κοτόπουλο (180γρ), Ψητή γλυκοπατάτα (200γρ)","11,50€","11,90€","0,40€"
160-1,Μπιφτέκι γαλοπούλας με ρύζι basmati και ψητά λαχανικά,"Μπιφτέκι γαλοπούλας (120γρ), Ρύζι basmati (60γρ)","9,50€","8,40€","-1,10€"
160-2,Μπιφτέκι γαλοπούλας με ρύζι basmati και ψητά λαχανικά,"Μπιφτέκι γαλοπούλας (120γρ), Ρύζι basmati (120γρ)","9,90€","8,90€","-1,00€"
160-3,Μπιφτέκι γαλοπούλας με ρύζι basmati και ψητά λαχανικά,"Μπιφτέκι γαλοπούλας (120γρ), Ρύζι basmati (180γρ)","10,50€","9,40€","-1,10€"
160-4,Μπιφτέκι γαλοπούλας με ρύζι basmati και ψητά λαχανικά,"Μπιφτέκι γαλοπούλας (150γρ), Ρύζι basmati (60γρ)","10,50€","9,40€","-1,10€"
160-5,Μπιφτέκι γαλοπούλας με ρύζι basmati και ψητά λαχανικά,"Μπιφτέκι γαλοπούλας (150γρ), Ρύζι basmati (120γρ)","10,90€","9,90€","-1,00€"
160-6,Μπιφτέκι γαλοπούλας με ρύζι basmati και ψητά λαχανικά,"Μπιφτέκι γαλοπούλας (150γρ), Ρύζι basmati (180γρ)","11,50€","10,40€","-1,10€"
160-7,Μπιφτέκι γαλοπούλας με ρύζι basmati και ψητά λαχανικά,"Μπιφτέκι γαλοπούλας (180γρ), Ρύζι basmati (120γρ)","11,50€","10,40€","-1,10€"
160-8,Μπιφτέκι γαλοπούλας με ρύζι basmati και ψητά λαχανικά,"Μπιφτέκι γαλοπούλας (180γρ), Ρύζι basmati (180γρ)","11,90€","10,90€","-1,00€"
160-9,Μπιφτέκι γαλοπούλας με ρύζι basmati και ψητά λαχανικά,"Μπιφτέκι γαλοπούλας (180γρ), Ρύζι basmati (240γρ)","12,50€","11,40€","-1,10€"
161-1,Μπιφτέκι γαλοπούλας με ψητά λαχανικά και sauce γιαουρτιού,Μπιφτέκι γαλοπούλας (120γρ),"9,90€","9,50€","-0,40€"
161-2,Μπιφτέκι γαλοπούλας με ψητά λαχανικά και sauce γιαουρτιού,Μπιφτέκι γαλοπούλας (150γρ),"10,90€","10,50€","-0,40€"
161-3,Μπιφτέκι γαλοπούλας με ψητά λαχανικά και sauce γιαουρτιού,Μπιφτέκι γαλοπούλας (180γρ),"11,90€","11,50€","-0,40€"
161-4,Μπιφτέκι γαλοπούλας με ψητά λαχανικά και sauce γιαουρτιού,Μπιφτέκι γαλοπούλας (210γρ),"12,90€","12,50€","-0,40€"
162-2,Μπιφτέκι γαλοπούλας με κους κους και ψητά μανιτάρια,"Μπιφτέκι γαλοπούλας (120γρ), Κους κους (150γρ)","9,50€","9,40€","-0,10€"
162-4,Μπιφτέκι γαλοπούλας με κους κους και ψητά μανιτάρια,"Μπιφτέκι γαλοπούλας (150γρ), Κους κους (150γρ)","10,50€","10,40€","-0,10€"
162-6,Μπιφτέκι γαλοπούλας με κους κους και ψητά μανιτάρια,"Μπιφτέκι γαλοπούλας (180γρ), Κους κους (150γρ)","11,50€","11,40€","-0,10€"
162-8,Μπιφτέκι γαλοπούλας με κους κους και ψητά μανιτάρια,"Μπιφτέκι γαλοπούλας (210γρ), Κους κους (150γρ)","12,50€","12,40€","-0,10€"
163-1,Μπιφτέκι γαλοπούλας με πουρέ γλυκοπατάτας,"Μπιφτέκι γαλοπούλας (120γρ), Πουρές γλυκοπατάτας (120γρ)","9,50€","8,40€","-1,10€"
163-2,Μπιφτέκι γαλοπούλας με πουρέ γλυκοπατάτας,"Μπιφτέκι γαλοπούλας (120γρ), Πουρές γλυκοπατάτας (180γρ)","9,90€","8,90€","-1,00€"
163-3,Μπιφτέκι γαλοπούλας με πουρέ γλυκοπατάτας,"Μπιφτέκι γαλοπούλας (120γρ), Πουρές γλυκοπατάτας (220γρ)","10,50€","9,40€","-1,10€"
163-4,Μπιφτέκι γαλοπούλας με πουρέ γλυκοπατάτας,"Μπιφτέκι γαλοπούλας (150γρ), Πουρές γλυκοπατάτας (120γρ)","10,50€","9,40€","-1,10€"
163-5,Μπιφτέκι γαλοπούλας με πουρέ γλυκοπατάτας,"Μπιφτέκι γαλοπούλας (150γρ), Πουρές γλυκοπατάτας (180γρ)","10,90€","9,90€","-1,00€"
163-6,Μπιφτέκι γαλοπούλας με πουρέ γλυκοπατάτας,"Μπιφτέκι γαλοπούλας (150γρ), Πουρές γλυκοπατάτας (220γρ)","11,50€","10,40€","-1,10€"
163-7,Μπιφτέκι γαλοπούλας με πουρέ γλυκοπατάτας,"Μπιφτέκι γαλοπούλας (180γρ), Πουρές γλυκοπατάτας (120γρ)","11,50€","10,40€","-1,10€"
163-8,Μπιφτέκι γαλοπούλας με πουρέ γλυκοπατάτας,"Μπιφτέκι γαλοπούλας (180γρ), Πουρές γλυκοπατάτας (180γρ)","11,90€","10,90€","-1,00€"
163-9,Μπιφτέκι γαλοπούλας με πουρέ γλυκοπατάτας,"Μπιφτέκι γαλοπούλας (180γρ), Πουρές γλυκοπατάτας (220γρ)","12,50€","11,40€","-1,10€"
164-1,Μπιφτέκι γαλοπούλας με άγριο ρύζι και αμπελοφάσουλα,"Μπιφτέκι γαλοπούλας (120γρ), Άγριο ρύζι (60γρ)","9,50€","8,40€","-1,10€"
164-2,Μπιφτέκι γαλοπούλας με άγριο ρύζι και αμπελοφάσουλα,"Μπιφτέκι γαλοπούλας (120γρ), Άγριο ρύζι (120γρ)","9,90€","8,90€","-1,00€"
164-3,Μπιφτέκι γαλοπούλας με άγριο ρύζι και αμπελοφάσουλα,"Μπιφτέκι γαλοπούλας (120γρ), Άγριο ρύζι (180γρ)","10,50€","9,40€","-1,10€"
164-4,Μπιφτέκι γαλοπούλας με άγριο ρύζι και αμπελοφάσουλα,"Μπιφτέκι γαλοπούλας (150γρ), Άγριο ρύζι (60γρ)","10,50€","9,40€","-1,10€"
164-5,Μπιφτέκι γαλοπούλας με άγριο ρύζι και αμπελοφάσουλα,"Μπιφτέκι γαλοπούλας (150γρ), Άγριο ρύζι (120γρ)","10,90€","9,90€","-1,00€"
164-6,Μπιφτέκι γαλοπούλας με άγριο ρύζι και αμπελοφάσουλα,"Μπιφτέκι γαλοπούλας (150γρ), Άγριο ρύζι (180γρ)","11,50€","10,40€","-1,10€"
164-7,Μπιφτέκι γαλοπούλας με άγριο ρύζι και αμπελοφάσουλα,"Μπιφτέκι γαλοπούλας (180γρ), Άγριο ρύζι (120γρ)","11,50€","10,40€","-1,10€"
164-8,Μπιφτέκι γαλοπούλας με άγριο ρύζι και αμπελοφάσουλα,"Μπιφτέκι γαλοπούλας (180γρ), Άγριο ρύζι (180γρ)","11,90€","10,90€","-1,00€"
164-9,Μπιφτέκι γαλοπούλας με άγριο ρύζι και αμπελοφάσουλα,"Μπιφτέκι γαλοπούλας (180γρ), Άγριο ρύζι (240γρ)","12,50€","11,40€","-1,10€"
165-1,Μπιφτέκι γαλοπούλας με ρύζι basmati και κρέμα μελιτζάνας,"Μπιφτέκι γαλοπούλας (120γρ), Ρύζι basmati (60γρ)","9,50€","8,40€","-1,10€"
165-2,Μπιφτέκι γαλοπούλας με ρύζι basmati και κρέμα μελιτζάνας,"Μπιφτέκι γαλοπούλας (120γρ), Ρύζι basmati (120γρ)","9,90€","8,90€","-1,00€"
165-3,Μπιφτέκι γαλοπούλας με ρύζι basmati και κρέμα μελιτζάνας,"Μπιφτέκι γαλοπούλας (120γρ), Ρύζι basmati (180γρ)","10,50€","9,40€","-1,10€"
165-4,Μπιφτέκι γαλοπούλας με ρύζι basmati και κρέμα μελιτζάνας,"Μπιφτέκι γαλοπούλας (150γρ), Ρύζι basmati (60γρ)","10,50€","9,40€","-1,10€"
165-5,Μπιφτέκι γαλοπούλας με ρύζι basmati και κρέμα μελιτζάνας,"Μπιφτέκι γαλοπούλας (150γρ), Ρύζι basmati (120γρ)","10,90€","9,90€","-1,00€"
165-6,Μπιφτέκι γαλοπούλας με ρύζι basmati και κρέμα μελιτζάνας,"Μπιφτέκι γαλοπούλας (150γρ), Ρύζι basmati (180γρ)","11,50€","10,40€","-1,10€"
165-7,Μπιφτέκι γαλοπούλας με ρύζι basmati και κρέμα μελιτζάνας,"Μπιφτέκι γαλοπούλας (180γρ), Ρύζι basmati (120γρ)","11,50€","10,40€","-1,10€"
165-8,Μπιφτέκι γαλοπούλας με ρύζι basmati και κρέμα μελιτζάνας,"Μπιφτέκι γαλοπούλας (180γρ), Ρύζι basmati (180γρ)","11,90€","10,90€","-1,00€"
165-9,Μπιφτέκι γαλοπούλας με ρύζι basmati και κρέμα μελιτζάνας,"Μπιφτέκι γαλοπούλας (180γρ), Ρύζι basmati (240γρ)","12,50€","11,40€","-1,10€"
166-1,Μπιφτέκι γαλοπούλας με γλυκοπατάτα και κρέμα μελιτζάνας,"Μπιφτέκι γαλοπούλας (120γρ), Ψητή γλυκοπατάτα (120γρ)","9,50€","8,40€","-1,10€"
166-2,Μπιφτέκι γαλοπούλας με γλυκοπατάτα και κρέμα μελιτζάνας,"Μπιφτέκι γαλοπούλας (120γρ), Ψητή γλυκοπατάτα (150γρ)","9,90€","8,90€","-1,00€"
166-3,Μπιφτέκι γαλοπούλας με γλυκοπατάτα και κρέμα μελιτζάνας,"Μπιφτέκι γαλοπούλας (120γρ), Ψητή γλυκοπατάτα (200γρ)","10,50€","9,40€","-1,10€"
166-4,Μπιφτέκι γαλοπούλας με γλυκοπατάτα και κρέμα μελιτζάνας,"Μπιφτέκι γαλοπούλας (150γρ), Ψητή γλυκοπατάτα (120γρ)","10,50€","9,40€","-1,10€"
166-5,Μπιφτέκι γαλοπούλας με γλυκοπατάτα και κρέμα μελιτζάνας,"Μπιφτέκι γαλοπούλας (150γρ), Ψητή γλυκοπατάτα (150γρ)","10,90€","9,90€","-1,00€"
166-6,Μπιφτέκι γαλοπούλας με γλυκοπατάτα και κρέμα μελιτζάνας,"Μπιφτέκι γαλοπούλας (150γρ), Ψητή γλυκοπατάτα (200γρ)","11,50€","10,40€","-1,10€"
166-7,Μπιφτέκι γαλοπούλας με γλυκοπατάτα και κρέμα μελιτζάνας,"Μπιφτέκι γαλοπούλας (180γρ), Ψητή γλυκοπατάτα (120γρ)","11,50€","10,40€","-1,10€"
166-8,Μπιφτέκι γαλοπούλας με γλυκοπατάτα και κρέμα μελιτζάνας,"Μπιφτέκι γαλοπούλας (180γρ), Ψητή γλυκοπατάτα (150γρ)","11,90€","10,90€","-1,00€"
166-9,Μπιφτέκι γαλοπούλας με γλυκοπατάτα και κρέμα μελιτζάνας,"Μπιφτέκι γαλοπούλας (180γρ), Ψητή γλυκοπατάτα (200γρ)","12,50€","11,40€","-1,10€"
167-1,Μπιφτέκι γαλοπούλας με πουρέ καρότου,"Μπιφτέκι γαλοπούλας (120γρ), Πουρές καρότου (120γρ)","9,50€","8,40€","-1,10€"
167-2,Μπιφτέκι γαλοπούλας με πουρέ καρότου,"Μπιφτέκι γαλοπούλας (120γρ), Πουρές καρότου (180γρ)","9,90€","8,90€","-1,00€"
167-3,Μπιφτέκι γαλοπούλας με πουρέ καρότου,"Μπιφτέκι γαλοπούλας (120γρ), Πουρές καρότου (220γρ)","10,50€","9,40€","-1,10€"
167-4,Μπιφτέκι γαλοπούλας με πουρέ καρότου,"Μπιφτέκι γαλοπούλας (150γρ), Πουρές καρότου (120γρ)","10,50€","9,40€","-1,10€"
167-5,Μπιφτέκι γαλοπούλας με πουρέ καρότου,"Μπιφτέκι γαλοπούλας (150γρ), Πουρές καρότου (180γρ)","10,90€","9,90€","-1,00€"
167-6,Μπιφτέκι γαλοπούλας με πουρέ καρότου,"Μπιφτέκι γαλοπούλας (150γρ), Πουρές καρότου (220γρ)","11,50€","10,40€","-1,10€"
167-7,Μπιφτέκι γαλοπούλας με πουρέ καρότου,"Μπιφτέκι γαλοπούλας (180γρ), Πουρές καρότου (120γρ)","11,50€","10,40€","-1,10€"
167-8,Μπιφτέκι γαλοπούλας με πουρέ καρότου,"Μπιφτέκι γαλοπούλας (180γρ), Πουρές καρότου (180γρ)","11,90€","10,90€","-1,00€"
167-9,Μπιφτέκι γαλοπούλας με πουρέ καρότου,"Μπιφτέκι γαλοπούλας (180γρ), Πουρές καρότου (220γρ)","12,50€","11,40€","-1,10€"
168-1,Μπιφτέκι γαλοπούλας με λαχανικά ατμού και λαδολέμονο,Μπιφτέκι γαλοπούλας (120γρ),"9,90€","9,50€","-0,40€"
168-2,Μπιφτέκι γαλοπούλας με λαχανικά ατμού και λαδολέμονο,Μπιφτέκι γαλοπούλας (150γρ),"10,90€","10,50€","-0,40€"
168-3,Μπιφτέκι γαλοπούλας με λαχανικά ατμού και λαδολέμονο,Μπιφτέκι γαλοπούλας (180γρ),"11,90€","11,50€","-0,40€"
168-4,Μπιφτέκι γαλοπούλας με λαχανικά ατμού και λαδολέμονο,Μπιφτέκι γαλοπούλας (210γρ),"12,90€","12,50€","-0,40€"
169-1,Μπιφτέκι γαλοπούλας με πουρέ πατάτας,"Μπιφτέκι γαλοπούλας (120γρ), Πουρές πατάτας (120γρ)","9,50€","8,40€","-1,10€"
169-2,Μπιφτέκι γαλοπούλας με πουρέ πατάτας,"Μπιφτέκι γαλοπούλας (120γρ), Πουρές πατάτας (150γρ)","9,90€","8,90€","-1,00€"
169-3,Μπιφτέκι γαλοπούλας με πουρέ πατάτας,"Μπιφτέκι γαλοπούλας (120γρ), Πουρές πατάτας (200γρ)","10,50€","9,40€","-1,10€"
169-4,Μπιφτέκι γαλοπούλας με πουρέ πατάτας,"Μπιφτέκι γαλοπούλας (150γρ), Πουρές πατάτας (120γρ)","10,50€","9,40€","-1,10€"
169-5,Μπιφτέκι γαλοπούλας με πουρέ πατάτας,"Μπιφτέκι γαλοπούλας (150γρ), Πουρές πατάτας (150γρ)","10,90€","9,90€","-1,00€"
169-6,Μπιφτέκι γαλοπούλας με πουρέ πατάτας,"Μπιφτέκι γαλοπούλας (150γρ), Πουρές πατάτας (200γρ)","11,50€","10,40€","-1,10€"
169-7,Μπιφτέκι γαλοπούλας με πουρέ πατάτας,"Μπιφτέκι γαλοπούλας (180γρ), Πουρές πατάτας (120γρ)","11,50€","10,40€","-1,10€"
169-8,Μπιφτέκι γαλοπούλας με πουρέ πατάτας,"Μπιφτέκι γαλοπούλας (180γρ), Πουρές πατάτας (150γρ)","11,90€","10,90€","-1,00€"
169-9,Μπιφτέκι γαλοπούλας με πουρέ πατάτας,"Μπιφτέκι γαλοπούλας (180γρ), Πουρές πατάτας (200γρ)","12,50€","11,40€","-1,10€"
170-1,Μπιφτέκι γαλοπούλας με πατάτες φούρνου και ψητά καρότα,"Μπιφτέκι γαλοπούλας (120γρ), Πατάτες φούρνου (80γρ)","9,50€","8,40€","-1,10€"
170-2,Μπιφτέκι γαλοπούλας με πατάτες φούρνου και ψητά καρότα,"Μπιφτέκι γαλοπούλας (120γρ), Πατάτες φούρνου (160γρ)","9,90€","8,90€","-1,00€"
170-3,Μπιφτέκι γαλοπούλας με πατάτες φούρνου και ψητά καρότα,"Μπιφτέκι γαλοπούλας (120γρ), Πατάτες φούρνου (240γρ)","10,50€","9,40€","-1,10€"
170-4,Μπιφτέκι γαλοπούλας με πατάτες φούρνου και ψητά καρότα,"Μπιφτέκι γαλοπούλας (150γρ), Πατάτες φούρνου (80γρ)","10,50€","9,40€","-1,10€"
170-5,Μπιφτέκι γαλοπούλας με πατάτες φούρνου και ψητά καρότα,"Μπιφτέκι γαλοπούλας (150γρ), Πατάτες φούρνου (160γρ)","10,90€","9,90€","-1,00€"
170-6,Μπιφτέκι γαλοπούλας με πατάτες φούρνου και ψητά καρότα,"Μπιφτέκι γαλοπούλας (150γρ), Πατάτες φούρνου (240γρ)","11,50€","10,40€","-1,10€"
170-7,Μπιφτέκι γαλοπούλας με πατάτες φούρνου και ψητά καρότα,"Μπιφτέκι γαλοπούλας (180γρ), Πατάτες φούρνου (80γρ)","11,50€","10,40€","-1,10€"
170-8,Μπιφτέκι γαλοπούλας με πατάτες φούρνου και ψητά καρότα,"Μπιφτέκι γαλοπούλας (180γρ), Πατάτες φούρνου (160γρ)","11,90€","10,90€","-1,00€"
170-9,Μπιφτέκι γαλοπούλας με πατάτες φούρνου και ψητά καρότα,"Μπιφτέκι γαλοπούλας (180γρ), Πατάτες φούρνου (240γρ)","12,50€","11,40€","-1,10€"
171-1,Φιλέτο στήθος κοτόπουλο ψητό με πουρέ πατάτας,"Φιλέτο κοτόπουλο (120γρ), Πουρές πατάτας (120γρ)","9,50€","8,40€","-1,10€"
171-2,Φιλέτο στήθος κοτόπουλο ψητό με πουρέ πατάτας,"Φιλέτο κοτόπουλο (120γρ), Πουρές πατάτας (150γρ)","9,90€","8,90€","-1,00€"
171-3,Φιλέτο στήθος κοτόπουλο ψητό με πουρέ πατάτας,"Φιλέτο κοτόπουλο (120γρ), Πουρές πατάτας (200γρ)","10,50€","9,40€","-1,10€"
171-4,Φιλέτο στήθος κοτόπουλο ψητό με πουρέ πατάτας,"Φιλέτο κοτόπουλο (150γρ), Πουρές πατάτας (120γρ)","10,50€","9,40€","-1,10€"
171-5,Φιλέτο στήθος κοτόπουλο ψητό με πουρέ πατάτας,"Φιλέτο κοτόπουλο (150γρ), Πουρές πατάτας (150γρ)","10,90€","9,90€","-1,00€"
171-6,Φιλέτο στήθος κοτόπουλο ψητό με πουρέ πατάτας,"Φιλέτο κοτόπουλο (150γρ), Πουρές πατάτας (200γρ)","11,50€","10,40€","-1,10€"
171-7,Φιλέτο στήθος κοτόπουλο ψητό με πουρέ πατάτας,"Φιλέτο κοτόπουλο (180γρ), Πουρές πατάτας (120γρ)","11,50€","10,40€","-1,10€"
171-8,Φιλέτο στήθος κοτόπουλο ψητό με πουρέ πατάτας,"Φιλέτο κοτόπουλο (180γρ), Πουρές πατάτας (150γρ)","11,90€","10,90€","-1,00€"
171-9,Φιλέτο στήθος κοτόπουλο ψητό με πουρέ πατάτας,"Φιλέτο κοτόπουλο (180γρ), Πουρές πατάτας (200γρ)","12,50€","11,40€","-1,10€"
172-1,Φιλέτο στήθος κοτόπουλο με μανιτάρια και άγριο ρύζι,"Φιλέτο κοτόπουλο (120γρ), Άγριο ρύζι (60γρ)","8,50€","8,90€","0,40€"
172-2,Φιλέτο στήθος κοτόπουλο με μανιτάρια και άγριο ρύζι,"Φιλέτο κοτόπουλο (120γρ), Άγριο ρύζι (120γρ)","8,90€","9,40€","0,50€"
172-3,Φιλέτο στήθος κοτόπουλο με μανιτάρια και άγριο ρύζι,"Φιλέτο κοτόπουλο (120γρ), Άγριο ρύζι (180γρ)","9,50€","9,90€","0,40€"
172-4,Φιλέτο στήθος κοτόπουλο με μανιτάρια και άγριο ρύζι,"Φιλέτο κοτόπουλο (150γρ), Άγριο ρύζι (60γρ)","9,50€","9,90€","0,40€"
172-5,Φιλέτο στήθος κοτόπουλο με μανιτάρια και άγριο ρύζι,"Φιλέτο κοτόπουλο (150γρ), Άγριο ρύζι (120γρ)","9,90€","10,40€","0,50€"
172-6,Φιλέτο στήθος κοτόπουλο με μανιτάρια και άγριο ρύζι,"Φιλέτο κοτόπουλο (150γρ), Άγριο ρύζι (180γρ)","10,50€","10,90€","0,40€"
172-7,Φιλέτο στήθος κοτόπουλο με μανιτάρια και άγριο ρύζι,"Φιλέτο κοτόπουλο (180γρ), Άγριο ρύζι (120γρ)","10,50€","10,90€","0,40€"
172-8,Φιλέτο στήθος κοτόπουλο με μανιτάρια και άγριο ρύζι,"Φιλέτο κοτόπουλο (180γρ), Άγριο ρύζι (180γρ)","10,90€","11,40€","0,50€"
172-9,Φιλέτο στήθος κοτόπουλο με μανιτάρια και άγριο ρύζι,"Φιλέτο κοτόπουλο (180γρ), Άγριο ρύζι (240γρ)","11,50€","11,90€","0,40€"
173-1,"Caprese με φιλέτο κοτόπουλο, μοτσαρέλα και πλιγούρι","Φιλέτο κοτόπουλο (120γρ), Πλιγούρι (90γρ)","8,50€","8,40€","-0,10€"
173-3,"Caprese με φιλέτο κοτόπουλο, μοτσαρέλα και πλιγούρι","Φιλέτο κοτόπουλο (120γρ), Πλιγούρι (180γρ)","9,50€","9,40€","-0,10€"
173-4,"Caprese με φιλέτο κοτόπουλο, μοτσαρέλα και πλιγούρι","Φιλέτο κοτόπουλο (150γρ), Πλιγούρι (90γρ)","9,50€","9,40€","-0,10€"
173-6,"Caprese με φιλέτο κοτόπουλο, μοτσαρέλα και πλιγούρι","Φιλέτο κοτόπουλο (150γρ), Πλιγούρι (180γρ)","10,50€","10,40€","-0,10€"
173-7,"Caprese με φιλέτο κοτόπουλο, μοτσαρέλα και πλιγούρι","Φιλέτο κοτόπουλο (180γρ), Πλιγούρι (120γρ)","10,50€","10,40€","-0,10€"
173-9,"Caprese με φιλέτο κοτόπουλο, μοτσαρέλα και πλιγούρι","Φιλέτο κοτόπουλο (180γρ), Πλιγούρι (240γρ)","11,50€","11,40€","-0,10€"
174-1,Φιλέτο μπούτι κοτόπουλο με άγριο ρύζι και teriyaki sauce,"Μπούτι κοτόπουλο (120γρ), Άγριο ρύζι (60γρ)","9,50€","8,90€","-0,60€"
174-2,Φιλέτο μπούτι κοτόπουλο με άγριο ρύζι και teriyaki sauce,"Μπούτι κοτόπουλο (120γρ), Άγριο ρύζι (120γρ)","9,90€","9,40€","-0,50€"
174-3,Φιλέτο μπούτι κοτόπουλο με άγριο ρύζι και teriyaki sauce,"Μπούτι κοτόπουλο (120γρ), Άγριο ρύζι (180γρ)","10,50€","9,90€","-0,60€"
174-4,Φιλέτο μπούτι κοτόπουλο με άγριο ρύζι και teriyaki sauce,"Μπούτι κοτόπουλο (150γρ), Άγριο ρύζι (60γρ)","10,50€","9,90€","-0,60€"
174-5,Φιλέτο μπούτι κοτόπουλο με άγριο ρύζι και teriyaki sauce,"Μπούτι κοτόπουλο (150γρ), Άγριο ρύζι (120γρ)","10,90€","10,40€","-0,50€"
174-6,Φιλέτο μπούτι κοτόπουλο με άγριο ρύζι και teriyaki sauce,"Μπούτι κοτόπουλο (150γρ), Άγριο ρύζι (180γρ)","11,50€","10,90€","-0,60€"
174-7,Φιλέτο μπούτι κοτόπουλο με άγριο ρύζι και teriyaki sauce,"Μπούτι κοτόπουλο (180γρ), Άγριο ρύζι (120γρ)","11,50€","10,90€","-0,60€"
174-8,Φιλέτο μπούτι κοτόπουλο με άγριο ρύζι και teriyaki sauce,"Μπούτι κοτόπουλο (180γρ), Άγριο ρύζι (180γρ)","11,90€","11,40€","-0,50€"
174-9,Φιλέτο μπούτι κοτόπουλο με άγριο ρύζι και teriyaki sauce,"Μπούτι κοτόπουλο (180γρ), Άγριο ρύζι (240γρ)","12,50€","11,90€","-0,60€"
175-1,Μπούτι κοτόπουλο Tikka Masala με ρύζι basmati,"Μπούτι κοτόπουλο (120γρ), Ρύζι basmati (60γρ)","9,50€","7,90€","-1,60€"
175-2,Μπούτι κοτόπουλο Tikka Masala με ρύζι basmati,"Μπούτι κοτόπουλο (120γρ), Ρύζι basmati (120γρ)","9,90€","8,40€","-1,50€"
175-3,Μπούτι κοτόπουλο Tikka Masala με ρύζι basmati,"Μπούτι κοτόπουλο (120γρ), Ρύζι basmati (180γρ)","10,50€","8,90€","-1,60€"
175-4,Μπούτι κοτόπουλο Tikka Masala με ρύζι basmati,"Μπούτι κοτόπουλο (150γρ), Ρύζι basmati (60γρ)","10,50€","8,90€","-1,60€"
175-5,Μπούτι κοτόπουλο Tikka Masala με ρύζι basmati,"Μπούτι κοτόπουλο (150γρ), Ρύζι basmati (120γρ)","10,90€","9,40€","-1,50€"
175-6,Μπούτι κοτόπουλο Tikka Masala με ρύζι basmati,"Μπούτι κοτόπουλο (150γρ), Ρύζι basmati (180γρ)","11,50€","9,90€","-1,60€"
175-7,Μπούτι κοτόπουλο Tikka Masala με ρύζι basmati,"Μπούτι κοτόπουλο (180γρ), Ρύζι basmati (120γρ)","11,50€","9,90€","-1,60€"
175-8,Μπούτι κοτόπουλο Tikka Masala με ρύζι basmati,"Μπούτι κοτόπουλο (180γρ), Ρύζι basmati (180γρ)","11,90€","10,40€","-1,50€"
175-9,Μπούτι κοτόπουλο Tikka Masala με ρύζι basmati,"Μπούτι κοτόπουλο (180γρ), Ρύζι basmati (240γρ)","12,50€","10,90€","-1,60€"
176-2,Φιλέτο μπούτι κοτόπουλο με ρύζι basmati και κάρυ,"Μπούτι κοτόπουλο (120γρ), Ρύζι basmati (120γρ)","9,50€","9,40€","-0,10€"
176-5,Φιλέτο μπούτι κοτόπουλο με ρύζι basmati και κάρυ,"Μπούτι κοτόπουλο (150γρ), Ρύζι basmati (120γρ)","10,50€","10,40€","-0,10€"
176-8,Φιλέτο μπούτι κοτόπουλο με ρύζι basmati και κάρυ,"Μπούτι κοτόπουλο (180γρ), Ρύζι basmati (180γρ)","11,50€","11,40€","-0,10€"
177-1,Φιλέτο στήθος κοτόπουλο με πατάτες φούρνου,"Φιλέτο κοτόπουλο (120γρ), Πατάτες φούρνου (80γρ)","9,50€","8,40€","-1,10€"
177-2,Φιλέτο στήθος κοτόπουλο με πατάτες φούρνου,"Φιλέτο κοτόπουλο (120γρ), Πατάτες φούρνου (160γρ)","9,90€","8,90€","-1,00€"
177-3,Φιλέτο στήθος κοτόπουλο με πατάτες φούρνου,"Φιλέτο κοτόπουλο (120γρ), Πατάτες φούρνου (240γρ)","10,50€","9,40€","-1,10€"
177-4,Φιλέτο στήθος κοτόπουλο με πατάτες φούρνου,"Φιλέτο κοτόπουλο (150γρ), Πατάτες φούρνου (80γρ)","10,50€","9,40€","-1,10€"
177-5,Φιλέτο στήθος κοτόπουλο με πατάτες φούρνου,"Φιλέτο κοτόπουλο (150γρ), Πατάτες φούρνου (160γρ)","10,90€","9,90€","-1,00€"
177-6,Φιλέτο στήθος κοτόπουλο με πατάτες φούρνου,"Φιλέτο κοτόπουλο (150γρ), Πατάτες φούρνου (240γρ)","11,50€","10,40€","-1,10€"
177-7,Φιλέτο στήθος κοτόπουλο με πατάτες φούρνου,"Φιλέτο κοτόπουλο (180γρ), Πατάτες φούρνου (80γρ)","11,50€","10,40€","-1,10€"
177-8,Φιλέτο στήθος κοτόπουλο με πατάτες φούρνου,"Φιλέτο κοτόπουλο (180γρ), Πατάτες φούρνου (160γρ)","11,90€","10,90€","-1,00€"
177-9,Φιλέτο στήθος κοτόπουλο με πατάτες φούρνου,"Φιλέτο κοτόπουλο (180γρ), Πατάτες φούρνου (240γρ)","12,50€","11,40€","-1,10€"
178-1,Stir fry με φιλέτο στήθος κοτόπουλο και λαχανικά,Stir fry με φιλέτο κοτόπουλο (60γρ),"9,90€","9,50€","-0,40€"
179-2,Σπανακόρυζο λεμονάτο με φέτα light,"Σπανακόρυζο (280γρ), Φέτα light (60γρ)","7,50€","7,40€","-0,10€"
179-3,Σπανακόρυζο λεμονάτο με φέτα light,"Σπανακόρυζο (380γρ), Φέτα light (30γρ)","7,50€","7,40€","-0,10€"
179-5,Σπανακόρυζο λεμονάτο με φέτα light,"Σπανακόρυζο (380γρ), Φέτα light (90γρ)","8,50€","8,40€","-0,10€"
179-6,Σπανακόρυζο λεμονάτο με φέτα light,"Σπανακόρυζο (460γρ), Φέτα light (30γρ)","8,50€","8,40€","-0,10€"
179-8,Σπανακόρυζο λεμονάτο με φέτα light,"Σπανακόρυζο (460γρ), Φέτα light (90γρ)","9,50€","9,40€","-0,10€"
179-9,Σπανακόρυζο λεμονάτο με φέτα light,"Σπανακόρυζο (560γρ), Φέτα light (60γρ)","9,50€","9,40€","-0,10€"
181-1,"Γεμιστά με ρύζι, κινόα, φυστίκι Αιγίνης και φέτα light","Γεμιστά (350γρ), Φέτα light (30γρ)","7,50€","7,40€","-0,10€"
181-3,"Γεμιστά με ρύζι, κινόα, φυστίκι Αιγίνης και φέτα light","Γεμιστά (400γρ), Φέτα light (30γρ)","7,90€","8,40€","0,50€"
181-4,"Γεμιστά με ρύζι, κινόα, φυστίκι Αιγίνης και φέτα light","Γεμιστά (400γρ), Φέτα light (60γρ)","8,50€","8,90€","0,40€"
181-5,"Γεμιστά με ρύζι, κινόα, φυστίκι Αιγίνης και φέτα light","Γεμιστά (400γρ), Φέτα light (90γρ)","8,90€","9,40€","0,50€"
181-6,"Γεμιστά με ρύζι, κινόα, φυστίκι Αιγίνης και φέτα light","Γεμιστά (450γρ), Φέτα light (60γρ)","9,50€","9,40€","-0,10€"
183-1,Παστίτσιο με ραγού και μπεσαμέλ από γάλα σόγιας,Παστίτσιο (300γρ),"8,50€","8,40€","-0,10€"
183-3,Παστίτσιο με ραγού και μπεσαμέλ από γάλα σόγιας,Παστίτσιο (400γρ),"9,50€","9,40€","-0,10€"
184-1,Χταπόδι με κοφτό μακαρονάκι και τριμμένο τυρί light,Χταπόδι κοκκινιστό (250γρ),"9,90€","10,50€","0,60€"
184-2,Χταπόδι με κοφτό μακαρονάκι και τριμμένο τυρί light,Χταπόδι κοκκινιστό (320γρ),"10,90€","11,50€","0,60€"
184-3,Χταπόδι με κοφτό μακαρονάκι και τριμμένο τυρί light,Χταπόδι κοκκινιστό (400γρ),"11,90€","12,50€","0,60€"
185-1,Λιγκουίνι ολικής με γαρίδες και σάλτσα λευκού κρασιού,"Λιγκουίνι ολικής (210γρ), Γαρίδες (90γρ)","12,90€","13,50€","0,60€"
185-2,Λιγκουίνι ολικής με γαρίδες και σάλτσα λευκού κρασιού,"Λιγκουίνι ολικής (210γρ), Γαρίδες (120γρ)","14,50€","14,90€","0,40€"
185-3,Λιγκουίνι ολικής με γαρίδες και σάλτσα λευκού κρασιού,"Λιγκουίνι ολικής (210γρ), Γαρίδες (150γρ)","15,90€","16,50€","0,60€"
185-4,Λιγκουίνι ολικής με γαρίδες και σάλτσα λευκού κρασιού,"Λιγκουίνι ολικής (240γρ), Γαρίδες (90γρ)","13,50€","13,90€","0,40€"
185-5,Λιγκουίνι ολικής με γαρίδες και σάλτσα λευκού κρασιού,"Λιγκουίνι ολικής (240γρ), Γαρίδες (120γρ)","14,90€","15,50€","0,60€"
185-6,Λιγκουίνι ολικής με γαρίδες και σάλτσα λευκού κρασιού,"Λιγκουίνι ολικής (240γρ), Γαρίδες (150γρ)","16,50€","16,90€","0,40€"
185-7,Λιγκουίνι ολικής με γαρίδες και σάλτσα λευκού κρασιού,"Λιγκουίνι ολικής (300γρ), Γαρίδες (90γρ)","13,90€","14,50€","0,60€"
185-8,Λιγκουίνι ολικής με γαρίδες και σάλτσα λευκού κρασιού,"Λιγκουίνι ολικής (300γρ), Γαρίδες (120γρ)","15,50€","15,90€","0,40€"
185-9,Λιγκουίνι ολικής με γαρίδες και σάλτσα λευκού κρασιού,"Λιγκουίνι ολικής (300γρ), Γαρίδες (150γρ)","16,90€","17,50€","0,60€"
186-2,Λιγκουίνι ολικής με κιμά γαλοπούλας και τριμμένο τυρί light,"Λιγκουίνι ολικής (210γρ), Κιμάς γαλοπούλας (120γρ)","9,50€","9,40€","-0,10€"
186-4,Λιγκουίνι ολικής με κιμά γαλοπούλας και τριμμένο τυρί light,"Λιγκουίνι ολικής (240γρ), Κιμάς γαλοπούλας (90γρ)","9,50€","9,40€","-0,10€"
186-6,Λιγκουίνι ολικής με κιμά γαλοπούλας και τριμμένο τυρί light,"Λιγκουίνι ολικής (240γρ), Κιμάς γαλοπούλας (150γρ)","10,50€","10,40€","-0,10€"
186-8,Λιγκουίνι ολικής με κιμά γαλοπούλας και τριμμένο τυρί light,"Λιγκουίνι ολικής (300γρ), Κιμάς γαλοπούλας (120γρ)","10,50€","10,40€","-0,10€"
187-2,Λιγκουίνι ολικής με μοσχαρίσιο κιμά και τριμμένο τυρί light,"Λιγκουίνι ολικής (210γρ), Μοσχαρίσιος κιμάς (120γρ)","9,50€","9,40€","-0,10€"
187-4,Λιγκουίνι ολικής με μοσχαρίσιο κιμά και τριμμένο τυρί light,"Λιγκουίνι ολικής (240γρ), Μοσχαρίσιος κιμάς (90γρ)","9,50€","9,40€","-0,10€"
187-6,Λιγκουίνι ολικής με μοσχαρίσιο κιμά και τριμμένο τυρί light,"Λιγκουίνι ολικής (240γρ), Μοσχαρίσιος κιμάς (150γρ)","10,50€","10,40€","-0,10€"
187-8,Λιγκουίνι ολικής με μοσχαρίσιο κιμά και τριμμένο τυρί light,"Λιγκουίνι ολικής (300γρ), Μοσχαρίσιος κιμάς (120γρ)","10,50€","10,40€","-0,10€"
190-2,Κοκκινιστά πράσινα φασολάκια με πατάτα και φέτα light,"Φασολάκια (250γρ), Φέτα light (60γρ)","7,50€","7,40€","-0,10€"
190-3,Κοκκινιστά πράσινα φασολάκια με πατάτα και φέτα light,"Φασολάκια (300γρ), Φέτα light (30γρ)","7,50€","7,40€","-0,10€"
190-5,Κοκκινιστά πράσινα φασολάκια με πατάτα και φέτα light,"Φασολάκια (300γρ), Φέτα light (90γρ)","8,50€","8,40€","-0,10€"
190-6,Κοκκινιστά πράσινα φασολάκια με πατάτα και φέτα light,"Φασολάκια (350γρ), Φέτα light (30γρ)","8,50€","8,40€","-0,10€"
190-8,Κοκκινιστά πράσινα φασολάκια με πατάτα και φέτα light,"Φασολάκια (350γρ),  Φέτα light (90γρ)","9,50€","9,40€","-0,10€"
190-9,Κοκκινιστά πράσινα φασολάκια με πατάτα και φέτα light,"Φασολάκια (400γρ), Φέτα light (60γρ)","9,50€","9,40€","-0,10€"
191-2,Κοκκινιστός αρακάς με πατάτα και φέτα light,"Αρακάς (180γρ), Φέτα light (60γρ)","7,50€","7,40€","-0,10€"
191-3,Κοκκινιστός αρακάς με πατάτα και φέτα light,"Αρακάς (270γρ), Φέτα light (30γρ)","7,50€","7,90€","0,40€"
191-4,Κοκκινιστός αρακάς με πατάτα και φέτα light,"Αρακάς (270γρ), Φέτα light (60γρ)","7,90€","8,40€","0,50€"
191-5,Κοκκινιστός αρακάς με πατάτα και φέτα light,"Αρακάς (270γρ), Φέτα light (90γρ)","8,50€","8,90€","0,40€"
191-6,Κοκκινιστός αρακάς με πατάτα και φέτα light,"Αρακάς (360γρ), Φέτα light (30γρ)","8,50€","8,40€","-0,10€"
191-8,Κοκκινιστός αρακάς με πατάτα και φέτα light,"Αρακάς (360γρ), Φέτα light (90γρ)","9,50€","9,40€","-0,10€"
191-9,Κοκκινιστός αρακάς με πατάτα και φέτα light,"Αρακάς (450γρ), Φέτα light (60γρ)","9,50€","9,40€","-0,10€"
192-1,Φασολάκια με κοκκινιστό μοσχαράκι,"Φιλέτο μοσχάρι (120γρ), Φασολάκια (180γρ)","8,50€","7,90€","-0,60€"
192-2,Φασολάκια με κοκκινιστό μοσχαράκι,"Φιλέτο μοσχάρι (120γρ), Φασολάκια (220γρ)","8,90€","8,40€","-0,50€"
192-3,Φασολάκια με κοκκινιστό μοσχαράκι,"Φιλέτο μοσχάρι (120γρ), Φασολάκια (280γρ)","9,50€","8,90€","-0,60€"
192-4,Φασολάκια με κοκκινιστό μοσχαράκι,"Φιλέτο μοσχάρι (150γρ), Φασολάκια (180γρ)","9,50€","9,40€","-0,10€"
192-6,Φασολάκια με κοκκινιστό μοσχαράκι,"Φιλέτο μοσχάρι (150γρ), Φασολάκια (280γρ)","10,50€","10,40€","-0,10€"
192-7,Φασολάκια με κοκκινιστό μοσχαράκι,"Φιλέτο μοσχάρι (180γρ), Φασολάκια (180γρ)","10,50€","10,90€","0,40€"
192-8,Φασολάκια με κοκκινιστό μοσχαράκι,"Φιλέτο μοσχάρι (180γρ), Φασολάκια (220γρ)","10,90€","11,40€","0,50€"
192-9,Φασολάκια με κοκκινιστό μοσχαράκι,"Φιλέτο μοσχάρι (180γρ), Φασολάκια (280γρ)","11,50€","11,90€","0,40€"
193-1,Γιουβέτσι μοσχάρι με κριθαράκι ολικής και τριμμένο τυρί light,"Κριθαράκι ολικής (140γρ), Φιλέτο μοσχάρι (90γρ)","8,50€","9,90€","1,40€"
193-2,Γιουβέτσι μοσχάρι με κριθαράκι ολικής και τριμμένο τυρί light,"Κριθαράκι ολικής (140γρ), Φιλέτο μοσχάρι (120γρ)","9,50€","10,40€","0,90€"
193-3,Γιουβέτσι μοσχάρι με κριθαράκι ολικής και τριμμένο τυρί light,"Κριθαράκι ολικής (210γρ), Φιλέτο μοσχάρι (90γρ)","10,50€","10,40€","-0,10€"
193-4,Γιουβέτσι μοσχάρι με κριθαράκι ολικής και τριμμένο τυρί light,"Κριθαράκι ολικής (210γρ), Φιλέτο μοσχάρι (120γρ)","9,90€","10,90€","1,00€"
193-5,Γιουβέτσι μοσχάρι με κριθαράκι ολικής και τριμμένο τυρί light,"Κριθαράκι ολικής (210γρ), Φιλέτο μοσχάρι (150γρ)","10,90€","11,40€","0,50€"
193-6,Γιουβέτσι μοσχάρι με κριθαράκι ολικής και τριμμένο τυρί light,"Κριθαράκι ολικής (280γρ), Φιλέτο μοσχάρι (120γρ)","10,90€","11,40€","0,50€"
193-7,Γιουβέτσι μοσχάρι με κριθαράκι ολικής και τριμμένο τυρί light,"Κριθαράκι ολικής (280γρ), Φιλέτο μοσχάρι (150γρ)","11,50€","11,90€","0,40€"
196-1,Γιουβαρλάκια με κιμά κοτόπουλου,Γιουβαρλάκια (240γρ),"8,90€","7,90€","-1,00€"
196-2,Γιουβαρλάκια με κιμά κοτόπουλου,Γιουβαρλάκια (300γρ),"9,90€","8,90€","-1,00€"
196-3,Γιουβαρλάκια με κιμά κοτόπουλου,Γιουβαρλάκια (360γρ),"10,90€","9,90€","-1,00€"
197-3,"Κάρυ με γάλα καρύδας, βασιλικό, τόφου και άγριο ρύζι","Τόφου (150γρ), Άγριο ρύζι (120γρ)","7,50€","7,90€","0,40€"
197-4,"Κάρυ με γάλα καρύδας, βασιλικό, τόφου και άγριο ρύζι","Τόφου (150γρ), Άγριο ρύζι (180γρ)","7,90€","8,50€","0,60€"
199-1,Σουπιές κοκκινιστές με σπανάκι,Σουπιές κοκκινιστές (280γρ),"9,50€","8,90€","-0,60€"
199-2,Σουπιές κοκκινιστές με σπανάκι,Σουπιές κοκκινιστές (320γρ),"10,50€","9,90€","-0,60€"
200-1,Γαρίδες σαγανάκι με κους κους,"Γαρίδες (120γρ), Κους κους (100γρ)","12,90€","13,90€","1,00€"
200-2,Γαρίδες σαγανάκι με κους κους,"Γαρίδες (120γρ), Κους κους (150γρ)","13,50€","14,50€","1,00€"
200-3,Γαρίδες σαγανάκι με κους κους,"Γαρίδες (150γρ), Κους κους (100γρ)","14,90€","15,90€","1,00€"
200-4,Γαρίδες σαγανάκι με κους κους,"Γαρίδες (150γρ), Κους κους (150γρ)","15,50€","16,50€","1,00€"
201-1,Ψαρονέφρι με δαμάσκηνα και άγριο ρύζι,"Ψαρονέφρι (120γρ), Άγριο ρύζι (60γρ)","10,50€","9,90€","-0,60€"
201-2,Ψαρονέφρι με δαμάσκηνα και άγριο ρύζι,"Ψαρονέφρι (120γρ), Άγριο ρύζι (120γρ)","10,90€","10,40€","-0,50€"
201-3,Ψαρονέφρι με δαμάσκηνα και άγριο ρύζι,"Ψαρονέφρι (120γρ), Άγριο ρύζι (180γρ)","11,50€","10,90€","-0,60€"
201-4,Ψαρονέφρι με δαμάσκηνα και άγριο ρύζι,"Ψαρονέφρι (150γρ), Άγριο ρύζι (60γρ)","11,50€","10,90€","-0,60€"
201-5,Ψαρονέφρι με δαμάσκηνα και άγριο ρύζι,"Ψαρονέφρι (150γρ), Άγριο ρύζι (120γρ)","11,90€","11,40€","-0,50€"
201-6,Ψαρονέφρι με δαμάσκηνα και άγριο ρύζι,"Ψαρονέφρι (150γρ), Άγριο ρύζι (180γρ)","12,50€","11,90€","-0,60€"
201-7,Ψαρονέφρι με δαμάσκηνα και άγριο ρύζι,"Ψαρονέφρι (180γρ), Άγριο ρύζι (120γρ)","12,50€","11,90€","-0,60€"
201-8,Ψαρονέφρι με δαμάσκηνα και άγριο ρύζι,"Ψαρονέφρι (180γρ), Άγριο ρύζι (180γρ)","12,90€","12,40€","-0,50€"
201-9,Ψαρονέφρι με δαμάσκηνα και άγριο ρύζι,"Ψαρονέφρι (180γρ), Άγριο ρύζι (240γρ)","13,50€","12,90€","-0,60€"
202-1,Ψαρονέφρι με δαμάσκηνα και πουρέ πατάτας,"Ψαρονέφρι (120γρ), Πουρές πατάτας (120γρ)","10,50€","9,90€","-0,60€"
202-2,Ψαρονέφρι με δαμάσκηνα και πουρέ πατάτας,"Ψαρονέφρι (120γρ), Πουρές πατάτας (150γρ)","10,90€","10,40€","-0,50€"
202-3,Ψαρονέφρι με δαμάσκηνα και πουρέ πατάτας,"Ψαρονέφρι (120γρ), Πουρές πατάτας (200γρ)","11,50€","10,90€","-0,60€"
202-4,Ψαρονέφρι με δαμάσκηνα και πουρέ πατάτας,"Ψαρονέφρι (150γρ), Πουρές πατάτας (120γρ)","11,50€","10,90€","-0,60€"
202-5,Ψαρονέφρι με δαμάσκηνα και πουρέ πατάτας,"Ψαρονέφρι (150γρ), Πουρές πατάτας (150γρ)","11,90€","11,40€","-0,50€"
202-6,Ψαρονέφρι με δαμάσκηνα και πουρέ πατάτας,"Ψαρονέφρι (150γρ), Πουρές πατάτας (200γρ)","12,50€","11,90€","-0,60€"
202-7,Ψαρονέφρι με δαμάσκηνα και πουρέ πατάτας,"Ψαρονέφρι (180γρ), Πουρές πατάτας (120γρ)","12,50€","11,90€","-0,60€"
202-8,Ψαρονέφρι με δαμάσκηνα και πουρέ πατάτας,"Ψαρονέφρι (180γρ), Πουρές πατάτας (150γρ)","12,90€","12,40€","-0,50€"
202-9,Ψαρονέφρι με δαμάσκηνα και πουρέ πατάτας,"Ψαρονέφρι (180γρ), Πουρές πατάτας (200γρ)","13,50€","12,90€","-0,60€"
203-1,Φιλέτο μοσχαρίσιο με ψητά λαχανικά και BBQ sauce,Φιλέτο μοσχαρίσιο (120γρ),"16,90€","16,50€","-0,40€"
203-2,Φιλέτο μοσχαρίσιο με ψητά λαχανικά και BBQ sauce,Φιλέτο μοσχαρίσιο (150γρ),"18,50€","19,50€","1,00€"
203-3,Φιλέτο μοσχαρίσιο με ψητά λαχανικά και BBQ sauce,Φιλέτο μοσχαρίσιο (180γρ),"20,90€","22,50€","1,60€"
203-4,Φιλέτο μοσχαρίσιο με ψητά λαχανικά και BBQ sauce,Φιλέτο μοσχαρίσιο (210γρ),"22,50€","25,50€","3,00€"
207-2,Γίγαντες φούρνου με κόκκινες πιπεριές και φέτα light,"Γίγαντες (250γρ), Φέτα light (60γρ)","7,50€","7,40€","-0,10€"
207-3,Γίγαντες φούρνου με κόκκινες πιπεριές και φέτα light,"Γίγαντες (300γρ), Φέτα light (30γρ)","7,90€","7,40€","-0,50€"
207-5,Γίγαντες φούρνου με κόκκινες πιπεριές και φέτα light,"Γίγαντες (300γρ), Φέτα light (90γρ)","8,50€","8,40€","-0,10€"
207-6,Γίγαντες φούρνου με κόκκινες πιπεριές και φέτα light,"Γίγαντες (350γρ), Φέτα light (30γρ)","8,50€","8,40€","-0,10€"
207-8,Γίγαντες φούρνου με κόκκινες πιπεριές και φέτα light,"Γίγαντες (350γρ), Φέτα light (90γρ)","9,50€","9,40€","-0,10€"
207-9,Γίγαντες φούρνου με κόκκινες πιπεριές και φέτα light,"Γίγαντες (400γρ), Φέτα light (60γρ)","9,50€","9,40€","-0,10€"
209-1,Φιλέτο μοσχαρίσιο με πουρέ πατάτας και μανιτάρια,"Φιλέτο μοσχαρίσιο (120γρ), Πουρές πατάτας (120γρ)","16,50€","15,90€","-0,60€"
209-2,Φιλέτο μοσχαρίσιο με πουρέ πατάτας και μανιτάρια,"Φιλέτο μοσχαρίσιο (120γρ), Πουρές πατάτας (150γρ)","16,90€","16,50€","-0,40€"
209-3,Φιλέτο μοσχαρίσιο με πουρέ πατάτας και μανιτάρια,"Φιλέτο μοσχαρίσιο (120γρ), Πουρές πατάτας (200γρ)","17,50€","16,90€","-0,60€"
209-4,Φιλέτο μοσχαρίσιο με πουρέ πατάτας και μανιτάρια,"Φιλέτο μοσχαρίσιο (150γρ), Πουρές πατάτας (120γρ)","17,90€","18,90€","1,00€"
209-5,Φιλέτο μοσχαρίσιο με πουρέ πατάτας και μανιτάρια,"Φιλέτο μοσχαρίσιο (150γρ), Πουρές πατάτας (150γρ)","18,50€","19,50€","1,00€"
209-6,Φιλέτο μοσχαρίσιο με πουρέ πατάτας και μανιτάρια,"Φιλέτο μοσχαρίσιο (150γρ), Πουρές πατάτας (200γρ)","18,90€","19,90€","1,00€"
209-7,Φιλέτο μοσχαρίσιο με πουρέ πατάτας και μανιτάρια,"Φιλέτο μοσχαρίσιο (180γρ), Πουρές πατάτας (120γρ)","19,50€","21,90€","2,40€"
209-8,Φιλέτο μοσχαρίσιο με πουρέ πατάτας και μανιτάρια,"Φιλέτο μοσχαρίσιο (180γρ), Πουρές πατάτας (150γρ)","19,90€","22,50€","2,60€"
209-9,Φιλέτο μοσχαρίσιο με πουρέ πατάτας και μανιτάρια,"Φιλέτο μοσχαρίσιο (180γρ), Πουρές πατάτας (200γρ)","20,50€","22,90€","2,40€"
210-1,"Ψαρονέφρι με πατάτες φούρνου, καρότα και gravy sauce","Ψαρονέφρι (120γρ), Πατάτες φούρνου (80γρ)","10,50€","10,40€","-0,10€"
210-3,"Ψαρονέφρι με πατάτες φούρνου, καρότα και gravy sauce","Ψαρονέφρι (120γρ), Πατάτες φούρνου (240γρ)","11,50€","11,40€","-0,10€"
210-4,"Ψαρονέφρι με πατάτες φούρνου, καρότα και gravy sauce","Ψαρονέφρι (150γρ), Πατάτες φούρνου (80γρ)","11,50€","11,40€","-0,10€"
210-6,"Ψαρονέφρι με πατάτες φούρνου, καρότα και gravy sauce","Ψαρονέφρι (150γρ), Πατάτες φούρνου (240γρ)","12,50€","12,40€","-0,10€"
210-7,"Ψαρονέφρι με πατάτες φούρνου, καρότα και gravy sauce","Ψαρονέφρι (180γρ), Πατάτες φούρνου (80γρ)","12,50€","12,40€","-0,10€"
210-9,"Ψαρονέφρι με πατάτες φούρνου, καρότα και gravy sauce","Ψαρονέφρι (180γρ), Πατάτες φούρνου (240γρ)","13,50€","13,40€","-0,10€"
215-1,Φιλέτο μοσχαρίσιο με πατάτες φούρνου και gravy sauce,"Φιλέτο μοσχαρίσιο (120γρ), Πατάτες φούρνου (80γρ)","16,50€","15,90€","-0,60€"
215-2,Φιλέτο μοσχαρίσιο με πατάτες φούρνου και gravy sauce,"Φιλέτο μοσχαρίσιο (120γρ), Πατάτες φούρνου (160γρ)","16,90€","16,50€","-0,40€"
215-3,Φιλέτο μοσχαρίσιο με πατάτες φούρνου και gravy sauce,"Φιλέτο μοσχαρίσιο (120γρ), Πατάτες φούρνου (240γρ)","17,50€","16,90€","-0,60€"
215-4,Φιλέτο μοσχαρίσιο με πατάτες φούρνου και gravy sauce,"Φιλέτο μοσχαρίσιο (150γρ), Πατάτες φούρνου (80γρ)","17,90€","18,90€","1,00€"
215-5,Φιλέτο μοσχαρίσιο με πατάτες φούρνου και gravy sauce,"Φιλέτο μοσχαρίσιο (150γρ), Πατάτες φούρνου (160γρ)","18,50€","19,50€","1,00€"
215-6,Φιλέτο μοσχαρίσιο με πατάτες φούρνου και gravy sauce,"Φιλέτο μοσχαρίσιο (150γρ), Πατάτες φούρνου (240γρ)","18,90€","19,90€","1,00€"
215-7,Φιλέτο μοσχαρίσιο με πατάτες φούρνου και gravy sauce,"Φιλέτο μοσχαρίσιο (180γρ), Πατάτες φούρνου (80γρ)","19,50€","21,90€","2,40€"
215-8,Φιλέτο μοσχαρίσιο με πατάτες φούρνου και gravy sauce,"Φιλέτο μοσχαρίσιο (180γρ), Πατάτες φούρνου (160γρ)","19,90€","22,50€","2,60€"
215-9,Φιλέτο μοσχαρίσιο με πατάτες φούρνου και gravy sauce,"Φιλέτο μοσχαρίσιο (180γρ), Πατάτες φούρνου (240γρ)","20,50€","22,90€","2,40€"
216-1,Φιλέτο μοσχαρίσιο με πουρέ γλυκοπατάτας,"Φιλέτο μοσχαρίσιο (120γρ), Πουρές γλυκοπατάτας (120γρ)","16,50€","15,90€","-0,60€"
216-2,Φιλέτο μοσχαρίσιο με πουρέ γλυκοπατάτας,"Φιλέτο μοσχαρίσιο (120γρ), Πουρές γλυκοπατάτας (180γρ)","16,90€","16,50€","-0,40€"
216-3,Φιλέτο μοσχαρίσιο με πουρέ γλυκοπατάτας,"Φιλέτο μοσχαρίσιο (120γρ), Πουρές γλυκοπατάτας (220γρ)","17,50€","16,90€","-0,60€"
216-4,Φιλέτο μοσχαρίσιο με πουρέ γλυκοπατάτας,"Φιλέτο μοσχαρίσιο (150γρ), Πουρές γλυκοπατάτας (120γρ)","17,90€","18,90€","1,00€"
216-5,Φιλέτο μοσχαρίσιο με πουρέ γλυκοπατάτας,"Φιλέτο μοσχαρίσιο (150γρ), Πουρές γλυκοπατάτας (180γρ)","18,50€","19,50€","1,00€"
216-6,Φιλέτο μοσχαρίσιο με πουρέ γλυκοπατάτας,"Φιλέτο μοσχαρίσιο (150γρ), Πουρές γλυκοπατάτας (220γρ)","18,90€","19,90€","1,00€"
216-7,Φιλέτο μοσχαρίσιο με πουρέ γλυκοπατάτας,"Φιλέτο μοσχαρίσιο (180γρ), Πουρές γλυκοπατάτας (120γρ)","19,50€","21,90€","2,40€"
216-8,Φιλέτο μοσχαρίσιο με πουρέ γλυκοπατάτας,"Φιλέτο μοσχαρίσιο (180γρ), Πουρές γλυκοπατάτας (180γρ)","19,90€","22,50€","2,60€"
216-9,Φιλέτο μοσχαρίσιο με πουρέ γλυκοπατάτας,"Φιλέτο μοσχαρίσιο (180γρ), Πουρές γλυκοπατάτας (220γρ)","20,50€","22,90€","2,40€"
218-1,Ψαρονέφρι με πουρέ σελινόριζας,"Ψαρονέφρι (120γρ), Πουρές σελινόριζας (120γρ)","10,50€","9,90€","-0,60€"
218-2,Ψαρονέφρι με πουρέ σελινόριζας,"Ψαρονέφρι (120γρ), Πουρές σελινόριζας (180γρ)","10,90€","10,40€","-0,50€"
218-3,Ψαρονέφρι με πουρέ σελινόριζας,"Ψαρονέφρι (120γρ), Πουρές σελινόριζας (240γρ)","11,50€","10,90€","-0,60€"
218-4,Ψαρονέφρι με πουρέ σελινόριζας,"Ψαρονέφρι (150γρ), Πουρές σελινόριζας (120γρ)","11,50€","10,90€","-0,60€"
218-5,Ψαρονέφρι με πουρέ σελινόριζας,"Ψαρονέφρι (150γρ), Πουρές σελινόριζας (180γρ)","11,90€","11,40€","-0,50€"
218-6,Ψαρονέφρι με πουρέ σελινόριζας,"Ψαρονέφρι (150γρ), Πουρές σελινόριζας (240γρ)","12,50€","11,90€","-0,60€"
218-7,Ψαρονέφρι με πουρέ σελινόριζας,"Ψαρονέφρι (180γρ), Πουρές σελινόριζας (120γρ)","12,50€","11,90€","-0,60€"
218-8,Ψαρονέφρι με πουρέ σελινόριζας,"Ψαρονέφρι (180γρ), Πουρές σελινόριζας (180γρ)","12,90€","12,40€","-0,50€"
218-9,Ψαρονέφρι με πουρέ σελινόριζας,"Ψαρονέφρι (180γρ), Πουρές σελινόριζας (240γρ)","13,50€","12,90€","-0,60€"
219-2,"Wrap ολικής με ψητά μανιτάρια, κατίκι και γραβιέρα light",Wrap ολικής με ψητά μανιτάρια (90γρ),"6,90€","7,50€","0,60€"
224-1,Μακαρονοσαλάτα με πέννες ολικής και κοτόπουλο,"Πέννες ολικής (140γρ), Φιλέτο κοτόπουλο (60γρ)","8,50€","8,90€","0,40€"
224-2,Μακαρονοσαλάτα με πέννες ολικής και κοτόπουλο,"Πέννες ολικής (210γρ), Φιλέτο κοτόπουλο (90γρ)","8,90€","9,40€","0,50€"
224-3,Μακαρονοσαλάτα με πέννες ολικής και κοτόπουλο,"Πέννες ολικής (210γρ), Φιλέτο κοτόπουλο (120γρ)","9,50€","9,90€","0,40€"
225-2,Μακαρονοσαλάτα με πέννες ολικής και ψητό σολομό,"Πέννες ολικής (210γρ), Σολομός ψητός (90γρ)","12,50€","12,90€","0,40€"
225-3,Μακαρονοσαλάτα με πέννες ολικής και ψητό σολομό,"Πέννες ολικής (210γρ), Σολομός ψητός (120γρ)","13,90€","14,90€","1,00€"
226-1,Τονοσαλάτα με baby πατάτες και μαγιονέζα light,"Baby πατάτες (160γρ), Τόνος (60γρ)","8,90€","8,50€","-0,40€"
231-1,"Τηγανητό ρύζι με λαχανικά, αυγό και σόγια",Τηγανητό ρύζι (300γρ),"6,50€","4,90€","-1,60€"
231-2,"Τηγανητό ρύζι με λαχανικά, αυγό και σόγια",Τηγανητό ρύζι (400γρ),"6,90€","5,50€","-1,40€"
231-3,"Τηγανητό ρύζι με λαχανικά, αυγό και σόγια",Τηγανητό ρύζι (500γρ),"7,50€","5,90€","-1,60€"
233-1,Κουνουπίδι καπαμά και φέτα light,"Κουνουπίδι καπαμά (300γρ), Φέτα light (30γρ)","6,50€","7,40€","0,90€"
233-2,Κουνουπίδι καπαμά και φέτα light,"Κουνουπίδι καπαμά (300γρ), Φέτα light (60γρ)","6,90€","7,90€","1,00€"
233-3,Κουνουπίδι καπαμά και φέτα light,"Κουνουπίδι καπαμά (400γρ), Φέτα light (30γρ)","7,50€","8,40€","0,90€"
233-4,Κουνουπίδι καπαμά και φέτα light,"Κουνουπίδι καπαμά (400γρ), Φέτα light (60γρ)","7,90€","8,90€","1,00€"
233-5,Κουνουπίδι καπαμά και φέτα light,"Κουνουπίδι καπαμά (400γρ), Φέτα light (90γρ)","8,50€","8,90€","0,40€"
233-6,Κουνουπίδι καπαμά και φέτα light,"Κουνουπίδι καπαμά (500γρ), Φέτα light (60γρ)","8,90€","9,40€","0,50€"
233-7,Κουνουπίδι καπαμά και φέτα light,"Κουνουπίδι καπαμά (500γρ), Φέτα light (90γρ)","9,50€","9,90€","0,40€"
234-1,Λιγκουίνι ολικής με σάλτσα bolognese από φακή,"Λιγκουίνι ολικής (210γρ), Bolognese (90γρ)","6,50€","6,90€","0,40€"
234-2,Λιγκουίνι ολικής με σάλτσα bolognese από φακή,"Λιγκουίνι ολικής (210γρ), Bolognese (120γρ)","6,90€","7,40€","0,50€"
234-3,Λιγκουίνι ολικής με σάλτσα bolognese από φακή,"Λιγκουίνι ολικής (240γρ), Bolognese (90γρ)","6,90€","7,40€","0,50€"
234-4,Λιγκουίνι ολικής με σάλτσα bolognese από φακή,"Λιγκουίνι ολικής (240γρ), Bolognese (120γρ)","7,50€","7,90€","0,40€"
234-5,Λιγκουίνι ολικής με σάλτσα bolognese από φακή,"Λιγκουίνι ολικής (240γρ), Bolognese (150γρ)","7,90€","8,40€","0,50€"
234-6,Λιγκουίνι ολικής με σάλτσα bolognese από φακή,"Λιγκουίνι ολικής (300γρ), Bolognese (120γρ)","7,90€","8,40€","0,50€"
234-7,Λιγκουίνι ολικής με σάλτσα bolognese από φακή,"Λιγκουίνι ολικής (300γρ), Bolognese (150γρ)","8,50€","8,90€","0,40€"
235-1,"Wrap ολικής με πάστα χαρίσα, κρέμα μελιτζάνας και χούμους",Wrap ολικής με πάστα χαρίσα (60γρ),"4,20€","4,50€","0,30€"
235-2,"Wrap ολικής με πάστα χαρίσα, κρέμα μελιτζάνας και χούμους",Wrap ολικής με πάστα χαρίσα (90γρ),"5,20€","5,50€","0,30€"
243-1,Vegan χορτόπιτα με φύλλο ολικής,Vegan χορτόπιτα (200γρ),"4,90€","4,50€","-0,40€"
247-1,Ρεβίθια φούρνου κοκκινιστά με φέτα light,"Ρεβίθια φούρνου (250γρ), Φέτα light (30γρ)","5,90€","6,90€","1,00€"
247-2,Ρεβίθια φούρνου κοκκινιστά με φέτα light,"Ρεβίθια φούρνου (250γρ), Φέτα light (60γρ)","6,50€","7,40€","0,90€"
247-3,Ρεβίθια φούρνου κοκκινιστά με φέτα light,"Ρεβίθια φούρνου (350γρ), Φέτα light (30γρ)","6,50€","7,40€","0,90€"
247-4,Ρεβίθια φούρνου κοκκινιστά με φέτα light,"Ρεβίθια φούρνου (350γρ), Φέτα light (60γρ)","6,90€","7,90€","1,00€"
247-5,Ρεβίθια φούρνου κοκκινιστά με φέτα light,"Ρεβίθια φούρνου (350γρ), Φέτα light (90γρ)","7,50€","8,40€","0,90€"
247-6,Ρεβίθια φούρνου κοκκινιστά με φέτα light,"Ρεβίθια φούρνου (450γρ), Φέτα light (30γρ)","7,50€","8,40€","0,90€"
247-7,Ρεβίθια φούρνου κοκκινιστά με φέτα light,"Ρεβίθια φούρνου (450γρ), Φέτα light (60γρ)","7,90€","8,90€","1,00€"
247-8,Ρεβίθια φούρνου κοκκινιστά με φέτα light,"Ρεβίθια φούρνου (450γρ), Φέτα light (90γρ)","8,50€","9,40€","0,90€"
247-9,Ρεβίθια φούρνου κοκκινιστά με φέτα light,"Ρεβίθια φούρνου (500γρ), Φέτα light (60γρ)","8,50€","9,40€","0,90€"
249-1,Φιλέτο μπούτι κοτόπουλο λεμονάτο και άγριο ρύζι,"Λεμονάτο κοτόπουλο (120γρ), Άγριο ρύζι (60γρ)","7,90€","8,90€","1,00€"
249-2,Φιλέτο μπούτι κοτόπουλο λεμονάτο και άγριο ρύζι,"Λεμονάτο κοτόπουλο (120γρ), Άγριο ρύζι (120γρ)","8,50€","9,40€","0,90€"
249-3,Φιλέτο μπούτι κοτόπουλο λεμονάτο και άγριο ρύζι,"Λεμονάτο κοτόπουλο (120γρ), Άγριο ρύζι (180γρ)","8,90€","9,40€","0,50€"
249-4,Φιλέτο μπούτι κοτόπουλο λεμονάτο και άγριο ρύζι,"Λεμονάτο κοτόπουλο (150γρ), Άγριο ρύζι (60γρ)","8,90€","9,90€","1,00€"
249-5,Φιλέτο μπούτι κοτόπουλο λεμονάτο και άγριο ρύζι,"Λεμονάτο κοτόπουλο (150γρ), Άγριο ρύζι (120γρ)","9,50€","10,40€","0,90€"
249-6,Φιλέτο μπούτι κοτόπουλο λεμονάτο και άγριο ρύζι,"Λεμονάτο κοτόπουλο (150γρ), Άγριο ρύζι (180γρ)","9,90€","10,40€","0,50€"
249-7,Φιλέτο μπούτι κοτόπουλο λεμονάτο και άγριο ρύζι,"Λεμονάτο κοτόπουλο (180γρ), Άγριο ρύζι (120γρ)","9,90€","10,90€","1,00€"
249-8,Φιλέτο μπούτι κοτόπουλο λεμονάτο και άγριο ρύζι,"Λεμονάτο κοτόπουλο (180γρ), Άγριο ρύζι (180γρ)","10,50€","11,40€","0,90€"
249-9,Φιλέτο μπούτι κοτόπουλο λεμονάτο και άγριο ρύζι,"Λεμονάτο κοτόπουλο (180γρ), Άγριο ρύζι (240γρ)","10,90€","11,40€","0,50€"
253-1,Φιλέτο μπούτι κοτόπουλο κοκκινιστό με μπάμιες,"Μπούτι κοτόπουλο (120γρ), Μπάμιες (250γρ)","9,90€","9,40€","-0,50€"
253-2,Φιλέτο μπούτι κοτόπουλο κοκκινιστό με μπάμιες,"Μπούτι κοτόπουλο (120γρ), Μπάμιες (300γρ)","10,50€","9,90€","-0,60€"
253-3,Φιλέτο μπούτι κοτόπουλο κοκκινιστό με μπάμιες,"Μπούτι κοτόπουλο (150γρ), Μπάμιες (250γρ)","10,50€","10,40€","-0,10€"
253-5,Φιλέτο μπούτι κοτόπουλο κοκκινιστό με μπάμιες,"Μπούτι κοτόπουλο (150γρ), Μπάμιες (350γρ)","10,90€","11,40€","0,50€"
253-6,Φιλέτο μπούτι κοτόπουλο κοκκινιστό με μπάμιες,"Μπούτι κοτόπουλο (180γρ), Μπάμιες (300γρ)","11,50€","11,90€","0,40€"
253-7,Φιλέτο μπούτι κοτόπουλο κοκκινιστό με μπάμιες,"Μπούτι κοτόπουλο (180γρ), Μπάμιες (350γρ)","11,90€","12,40€","0,50€"
253-8,Φιλέτο μπούτι κοτόπουλο κοκκινιστό με μπάμιες,"Μπούτι κοτόπουλο (210γρ), Μπάμιες (350γρ)","12,50€","12,90€","0,40€"
256-1,Χοιρινό φρικασέ με χόρτα εποχής και αυγολέμονο,Χοιρινό φρικασέ (120γρ),"10,50€","9,90€","-0,60€"
256-2,Χοιρινό φρικασέ με χόρτα εποχής και αυγολέμονο,Χοιρινό φρικασέ (150γρ),"11,50€","10,90€","-0,60€"
256-3,Χοιρινό φρικασέ με χόρτα εποχής και αυγολέμονο,Χοιρινό φρικασέ (180γρ),"12,50€","11,90€","-0,60€"
257-1,Μπουρδέτο με φιλέτο μπακαλιάρου και κους κους,"Φιλέτο μπακαλιάρου (120γρ), Κους κους (100γρ)","10,90€","9,40€","-1,50€"
257-2,Μπουρδέτο με φιλέτο μπακαλιάρου και κους κους,"Φιλέτο μπακαλιάρου (120γρ), Κους κους (150γρ)","11,50€","9,90€","-1,60€"
257-3,Μπουρδέτο με φιλέτο μπακαλιάρου και κους κους,"Φιλέτο μπακαλιάρου (150γρ), Κους κους (100γρ)","11,90€","10,40€","-1,50€"
257-4,Μπουρδέτο με φιλέτο μπακαλιάρου και κους κους,"Φιλέτο μπακαλιάρου (150γρ), Κους κους (150γρ)","12,50€","10,90€","-1,60€"
257-5,Μπουρδέτο με φιλέτο μπακαλιάρου και κους κους,"Φιλέτο μπακαλιάρου (180γρ), Κους κους (100γρ)","12,90€","11,40€","-1,50€"
257-6,Μπουρδέτο με φιλέτο μπακαλιάρου και κους κους,"Φιλέτο μπακαλιάρου (180γρ), Κους κους (150γρ)","13,50€","11,90€","-1,60€"
257-7,Μπουρδέτο με φιλέτο μπακαλιάρου και κους κους,"Φιλέτο μπακαλιάρου (210γρ), Κους κους (100γρ)","13,90€","12,40€","-1,50€"
257-8,Μπουρδέτο με φιλέτο μπακαλιάρου και κους κους,"Φιλέτο μπακαλιάρου (210γρ), Κους κους (150γρ)","14,50€","12,90€","-1,60€"
259-1,Πράσινη σαλάτα με κοτόπουλο και Pico de Gallo,"Pico de gallo με φιλέτο κοτόπουλο (60γρ), Dressing (70γρ)","8,50€","8,90€","0,40€"
259-2,Πράσινη σαλάτα με κοτόπουλο και Pico de Gallo,"Pico de gallo με φιλέτο κοτόπουλο (90γρ), Dressing (70γρ)","8,90€","9,40€","0,50€"
259-3,Πράσινη σαλάτα με κοτόπουλο και Pico de Gallo,"Pico de gallo με φιλέτο κοτόπουλο (120γρ), Dressing (70γρ)","9,50€","9,90€","0,40€"
263-2,Κόκορας κρασάτος με μακαρόνι ολικής και τριμμένο τυρί light,"Μακαρόνι ολικής (210γρ), Κόκκορας (120γρ)","9,50€","9,40€","-0,10€"
263-5,Κόκορας κρασάτος με μακαρόνι ολικής και τριμμένο τυρί light,"Μακαρόνι ολικής (240γρ), Κόκκορας (120γρ)","10,50€","10,40€","-0,10€"
263-8,Κόκορας κρασάτος με μακαρόνι ολικής και τριμμένο τυρί light,"Μακαρόνι ολικής (300γρ), Κόκκορας (120γρ)","11,50€","11,40€","-0,10€"
264-1,Ψαρονέφρι με πουρέ καρότου και gravy sauce,"Ψαρονέφρι (120γρ), Πουρές καρότου (120γρ)","10,50€","10,40€","-0,10€"
264-3,Ψαρονέφρι με πουρέ καρότου και gravy sauce,"Ψαρονέφρι (120γρ), Πουρές καρότου (220γρ)","11,50€","11,40€","-0,10€"
264-4,Ψαρονέφρι με πουρέ καρότου και gravy sauce,"Ψαρονέφρι (150γρ), Πουρές καρότου (120γρ)","11,50€","11,40€","-0,10€"
264-6,Ψαρονέφρι με πουρέ καρότου και gravy sauce,"Ψαρονέφρι (150γρ), Πουρές καρότου (220γρ)","12,50€","12,40€","-0,10€"
264-7,Ψαρονέφρι με πουρέ καρότου και gravy sauce,"Ψαρονέφρι (180γρ), Πουρές καρότου (120γρ)","12,50€","12,40€","-0,10€"
264-9,Ψαρονέφρι με πουρέ καρότου και gravy sauce,"Ψαρονέφρι (180γρ), Πουρές καρότου (220γρ)","13,50€","13,40€","-0,10€"
269-1,Μπιφτέκι γαλοπούλας με χόρτα εποχής και μανιτάρια,Μπιφτέκι γαλοπούλας (120γρ),"9,90€","8,90€","-1,00€"
269-2,Μπιφτέκι γαλοπούλας με χόρτα εποχής και μανιτάρια,Μπιφτέκι γαλοπούλας (150γρ),"10,90€","9,90€","-1,00€"
269-3,Μπιφτέκι γαλοπούλας με χόρτα εποχής και μανιτάρια,Μπιφτέκι γαλοπούλας (180γρ),"11,90€","10,90€","-1,00€"
269-4,Μπιφτέκι γαλοπούλας με χόρτα εποχής και μανιτάρια,Μπιφτέκι γαλοπούλας (210γρ),"12,90€","11,90€","-1,00€"
271-1,Φιλέτο κοτόπουλο ψητό με πουρέ πατάτας και αρακά,"Φιλέτο κοτόπουλο (120γρ), Πουρές πατάτας και αρακά (150γρ)","9,50€","8,40€","-1,10€"
271-2,Φιλέτο κοτόπουλο ψητό με πουρέ πατάτας και αρακά,"Φιλέτο κοτόπουλο (120γρ), Πουρές πατάτας και αρακά (200γρ)","9,90€","8,90€","-1,00€"
271-3,Φιλέτο κοτόπουλο ψητό με πουρέ πατάτας και αρακά,"Φιλέτο κοτόπουλο (120γρ), Πουρές πατάτας και αρακά (250γρ)","10,50€","9,40€","-1,10€"
271-4,Φιλέτο κοτόπουλο ψητό με πουρέ πατάτας και αρακά,"Φιλέτο κοτόπουλο (150γρ), Πουρές πατάτας και αρακά (150γρ)","10,50€","9,40€","-1,10€"
271-5,Φιλέτο κοτόπουλο ψητό με πουρέ πατάτας και αρακά,"Φιλέτο κοτόπουλο (150γρ), Πουρές πατάτας και αρακά (200γρ)","10,90€","9,90€","-1,00€"
271-6,Φιλέτο κοτόπουλο ψητό με πουρέ πατάτας και αρακά,"Φιλέτο κοτόπουλο (150γρ), Πουρές πατάτας και αρακά (250γρ)","11,50€","10,40€","-1,10€"
271-7,Φιλέτο κοτόπουλο ψητό με πουρέ πατάτας και αρακά,"Φιλέτο κοτόπουλο (180γρ), Πουρές πατάτας και αρακά (150γρ)","11,50€","10,40€","-1,10€"
271-8,Φιλέτο κοτόπουλο ψητό με πουρέ πατάτας και αρακά,"Φιλέτο κοτόπουλο (180γρ), Πουρές πατάτας και αρακά (200γρ)","11,90€","10,90€","-1,00€"
271-9,Φιλέτο κοτόπουλο ψητό με πουρέ πατάτας και αρακά,"Φιλέτο κοτόπουλο (180γρ), Πουρές πατάτας και αρακά (250γρ)","12,50€","11,40€","-1,10€"
272-2,Στιφάδο με φιλέτο μπακαλιάρου και άγριο ρύζι,"Φιλέτο μπακαλιάρου (120γρ), Άγριο ρύζι (120γρ)","9,90€","9,40€","-0,50€"
272-3,Στιφάδο με φιλέτο μπακαλιάρου και άγριο ρύζι,"Φιλέτο μπακαλιάρου (120γρ), Άγριο ρύζι (180γρ)","10,50€","9,90€","-0,60€"
272-4,Στιφάδο με φιλέτο μπακαλιάρου και άγριο ρύζι,"Φιλέτο μπακαλιάρου (150γρ), Άγριο ρύζι (60γρ)","11,50€","10,90€","-0,60€"
272-5,Στιφάδο με φιλέτο μπακαλιάρου και άγριο ρύζι,"Φιλέτο μπακαλιάρου (150γρ), Άγριο ρύζι (120γρ)","11,90€","11,40€","-0,50€"
272-6,Στιφάδο με φιλέτο μπακαλιάρου και άγριο ρύζι,"Φιλέτο μπακαλιάρου (150γρ), Άγριο ρύζι (180γρ)","12,50€","11,90€","-0,60€"
272-7,Στιφάδο με φιλέτο μπακαλιάρου και άγριο ρύζι,"Φιλέτο μπακαλιάρου (180γρ), Άγριο ρύζι (120γρ)","13,50€","12,90€","-0,60€"
272-8,Στιφάδο με φιλέτο μπακαλιάρου και άγριο ρύζι,"Φιλέτο μπακαλιάρου (180γρ), Άγριο ρύζι (180γρ)","13,90€","13,40€","-0,50€"
272-9,Στιφάδο με φιλέτο μπακαλιάρου και άγριο ρύζι,"Φιλέτο μπακαλιάρου (180γρ), Άγριο ρύζι (240γρ)","14,50€","13,90€","-0,60€"
273-2,Φρικασέ με μπούτι κοτόπουλο χόρτα και αυγολέμονο,Κοτόπουλο φρικασέ (150γρ),"9,50€","9,90€","0,40€"
273-3,Φρικασέ με μπούτι κοτόπουλο χόρτα και αυγολέμονο,Κοτόπουλο φρικασέ (180γρ),"9,90€","10,90€","1,00€"
274-1,"Ρεβίθια κοκκινιστά με χόρτα, κρέμα λεμόνι και φέτα light","Ρεβίθια κοκκινιστά (250γρ), Φέτα light (30γρ)","5,90€","6,40€","0,50€"
274-2,"Ρεβίθια κοκκινιστά με χόρτα, κρέμα λεμόνι και φέτα light","Ρεβίθια κοκκινιστά (250γρ), Φέτα light (60γρ)","6,50€","6,90€","0,40€"
274-3,"Ρεβίθια κοκκινιστά με χόρτα, κρέμα λεμόνι και φέτα light","Ρεβίθια κοκκινιστά (350γρ), Φέτα light (30γρ)","6,50€","6,90€","0,40€"
274-4,"Ρεβίθια κοκκινιστά με χόρτα, κρέμα λεμόνι και φέτα light","Ρεβίθια κοκκινιστά (350γρ), Φέτα light (60γρ)","6,90€","7,40€","0,50€"
274-5,"Ρεβίθια κοκκινιστά με χόρτα, κρέμα λεμόνι και φέτα light","Ρεβίθια κοκκινιστά (350γρ), Φέτα light (90γρ)","7,50€","7,90€","0,40€"
274-6,"Ρεβίθια κοκκινιστά με χόρτα, κρέμα λεμόνι και φέτα light","Ρεβίθια κοκκινιστά (450γρ), Φέτα light (30γρ)","7,50€","7,90€","0,40€"
274-7,"Ρεβίθια κοκκινιστά με χόρτα, κρέμα λεμόνι και φέτα light","Ρεβίθια κοκκινιστά (450γρ), Φέτα light (60γρ)","7,90€","8,40€","0,50€"
274-8,"Ρεβίθια κοκκινιστά με χόρτα, κρέμα λεμόνι και φέτα light","Ρεβίθια κοκκινιστά (450γρ), Φέτα light (90γρ)","8,50€","8,90€","0,40€"
275-1,"Πράσινη σαλάτα με μπαλίτσες ανθότυρου, καρύδια και dressing σύκο","Μπαλίτσες ανθότυρου (30γρ), Dressing (20γρ)","7,90€","7,50€","-0,40€"
275-2,"Πράσινη σαλάτα με μπαλίτσες ανθότυρου, καρύδια και dressing σύκο","Μπαλίτσες ανθότυρου (60γρ), Dressing (20γρ)","8,90€","7,90€","-1,00€"
275-3,"Πράσινη σαλάτα με μπαλίτσες ανθότυρου, καρύδια και dressing σύκο","Μπαλίτσες ανθότυρου (90γρ), Dressing (20γρ)","9,90€","8,50€","-1,40€"
280-1,"Σαλάτα με baby σπανάκι με αμύγδαλο, ρόδι και φέτα light","Ρόδι (25γρ), Φέτα light (30γρ), Dressing (20γρ)","8,90€","9,90€","1,00€"
280-2,"Σαλάτα με baby σπανάκι με αμύγδαλο, ρόδι και φέτα light","Ρόδι (25γρ), Φέτα light (60γρ), Dressing (20γρ)","9,90€","10,90€","1,00€"
280-3,"Σαλάτα με baby σπανάκι με αμύγδαλο, ρόδι και φέτα light","Ρόδι (25γρ), Φέτα light (90γρ), Dressing (20γρ)","10,90€","11,90€","1,00€"
287-2,Wrap ολικής με κοτόπουλο και spicy σάλτσα φυστικοβούτυρου,"Wrap ολικής (90γρ), Φιλέτο κοτόπουλο (90γρ), Σάλτσα φυστικοβούτυρο (30γρ)","6,50€","6,90€","0,40€"
293-1,"Μοσχαρόσουπα με πατάτα, σελινόριζα και μανιτάρια","Φιλέτο μοσχάρι (120γρ), Σούπα (250γρ)","9,90€","11,90€","2,00€"
293-2,"Μοσχαρόσουπα με πατάτα, σελινόριζα και μανιτάρια","Φιλέτο μοσχάρι (150γρ), Σούπα (250γρ)","10,90€","12,90€","2,00€"
293-3,"Μοσχαρόσουπα με πατάτα, σελινόριζα και μανιτάρια","Φιλέτο μοσχάρι (180γρ), Σούπα (250γρ)","11,90€","13,90€","2,00€"
117-10,"Γλυκόξυνο κοτόπουλο με ανανά, πιπεριές και ρύζι basmati","Γλυκόξινο κοτόπουλο (210γρ), Ρύζι basmati (120γρ)","11,50€","11,40€","-0,10€"
117-12,"Γλυκόξυνο κοτόπουλο με ανανά, πιπεριές και ρύζι basmati","Γλυκόξινο κοτόπουλο (210γρ), Ρύζι basmati (240γρ)","12,50€","12,40€","-0,10€"
129-10,Φιλέτο κοτόπουλο με άγριο ρύζι και σάλτσα μουστάρδας,"Φιλέτο κοτόπουλο (210γρ), Άγριο ρύζι (120γρ)","11,50€","11,40€","-0,10€"
129-12,Φιλέτο κοτόπουλο με άγριο ρύζι και σάλτσα μουστάρδας,"Φιλέτο κοτόπουλο (210γρ), Άγριο ρύζι (240γρ)","12,50€","12,40€","-0,10€"
135-10,Ψαρονέφρι με άγριο ρύζι και σάλτσα σόγια-μέλι-τζίντζερ,"Ψαρονέφρι (210γρ), Άγριο ρύζι (120γρ)","13,90€","12,90€","-1,00€"
135-11,Ψαρονέφρι με άγριο ρύζι και σάλτσα σόγια-μέλι-τζίντζερ,"Ψαρονέφρι (210γρ), Άγριο ρύζι (180γρ)","13,90€","13,40€","-0,50€"
135-12,Ψαρονέφρι με άγριο ρύζι και σάλτσα σόγια-μέλι-τζίντζερ,"Ψαρονέφρι (210γρ), Άγριο ρύζι (240γρ)","14,50€","13,90€","-0,60€"
136-10,Μοσχαρίσια κεφτεδάκια με πατάτες φούρνου και σάλτσα μουστάρδας,"Κεφτεδάκια (240γρ), Πατάτες φούρνου (80γρ)","11,50€","10,90€","-0,60€"
136-11,Μοσχαρίσια κεφτεδάκια με πατάτες φούρνου και σάλτσα μουστάρδας,"Κεφτεδάκια (240γρ), Πατάτες φούρνου (160γρ)","11,90€","11,40€","-0,50€"
136-12,Μοσχαρίσια κεφτεδάκια με πατάτες φούρνου και σάλτσα μουστάρδας,"Κεφτεδάκια (240γρ), Πατάτες φούρνου (240γρ)","12,50€","11,90€","-0,60€"
140-10,Μπιφτέκι μοσχαρίσιο με πουρέ γλυκοπατάτας,"Μπιφτέκι μοσχαρίσιο (210γρ), Πουρές γλυκοπατάτας (120γρ)","12,50€","11,90€","-0,60€"
140-11,Μπιφτέκι μοσχαρίσιο με πουρέ γλυκοπατάτας,"Μπιφτέκι μοσχαρίσιο (210γρ), Πουρές γλυκοπατάτας (180γρ)","12,90€","12,40€","-0,50€"
140-12,Μπιφτέκι μοσχαρίσιο με πουρέ γλυκοπατάτας,"Μπιφτέκι μοσχαρίσιο (210γρ), Πουρές γλυκοπατάτας (220γρ)","13,50€","12,90€","-0,60€"
141-10,Μπιφτέκι μοσχαρίσιο με πουρέ καρότου και αμπελοφάσουλα,"Μπιφτέκι μοσχαρίσιο (210γρ), Πουρές καρότου (120γρ)","12,50€","11,90€","-0,60€"
141-11,Μπιφτέκι μοσχαρίσιο με πουρέ καρότου και αμπελοφάσουλα,"Μπιφτέκι μοσχαρίσιο (210γρ), Πουρές καρότου (180γρ)","12,90€","12,40€","-0,50€"
141-12,Μπιφτέκι μοσχαρίσιο με πουρέ καρότου και αμπελοφάσουλα,"Μπιφτέκι μοσχαρίσιο (210γρ), Πουρές καρότου (220γρ)","13,50€","12,90€","-0,60€"
142-10,Μπιφτέκι μοσχαρίσιο με ρύζι basmati και ψητά καρότα,"Μπιφτέκι μοσχαρίσιο (210γρ), Ρύζι basmati (120γρ)","12,50€","11,90€","-0,60€"
142-11,Μπιφτέκι μοσχαρίσιο με ρύζι basmati και ψητά καρότα,"Μπιφτέκι μοσχαρίσιο (210γρ), Ρύζι basmati (180γρ)","12,90€","12,40€","-0,50€"
142-12,Μπιφτέκι μοσχαρίσιο με ρύζι basmati και ψητά καρότα,"Μπιφτέκι μοσχαρίσιο (210γρ), Ρύζι basmati (240γρ)","13,50€","12,90€","-0,60€"
143-10,Μπιφτέκι μοσχαρίσιο με πουρέ πατάτας,"Μπιφτέκι μοσχαρίσιο (210γρ), Πουρές πατάτας (120γρ)","12,50€","11,90€","-0,60€"
143-11,Μπιφτέκι μοσχαρίσιο με πουρέ πατάτας,"Μπιφτέκι μοσχαρίσιο (210γρ), Πουρές πατάτας (150γρ)","12,90€","12,40€","-0,50€"
143-12,Μπιφτέκι μοσχαρίσιο με πουρέ πατάτας,"Μπιφτέκι μοσχαρίσιο (210γρ), Πουρές πατάτας (200γρ)","13,50€","12,90€","-0,60€"
144-10,Φιλέτο μοσχαρίσιο με πουρέ σελινόριζας και gravy sauce,"Φιλέτο μοσχαρίσιο (210γρ), Πουρές σελινόριζας (180γρ)","20,50€","24,90€","4,40€"
144-11,Φιλέτο μοσχαρίσιο με πουρέ σελινόριζας και gravy sauce,"Φιλέτο μοσχαρίσιο (210γρ), Πουρές σελινόριζας (240γρ)","20,90€","25,50€","4,60€"
144-12,Φιλέτο μοσχαρίσιο με πουρέ σελινόριζας και gravy sauce,"Φιλέτο μοσχαρίσιο (210γρ), Πουρές σελινόριζας (280γρ)","21,50€","25,90€","4,40€"
155-10,Φιλέτο στήθος κοτόπουλο ψητό με πουρέ γλυκοπατάτας,"Φιλέτο κοτόπουλο (210γρ), Πουρές γλυκοπατάτας (120γρ)","11,50€","11,40€","-0,10€"
155-12,Φιλέτο στήθος κοτόπουλο ψητό με πουρέ γλυκοπατάτας,"Φιλέτο κοτόπουλο (210γρ), Πουρές γλυκοπατάτας (220γρ)","12,50€","12,40€","-0,10€"
157-10,Φιλέτο στήθος κοτόπουλο με ρύζι basmati και ψητά λαχανικά,"Φιλέτο κοτόπουλο (210γρ), Ρύζι basmati (120γρ)","11,50€","11,40€","-0,10€"
157-12,Φιλέτο στήθος κοτόπουλο με ρύζι basmati και ψητά λαχανικά,"Φιλέτο κοτόπουλο (210γρ), Ρύζι basmati (240γρ)","12,50€","12,40€","-0,10€"
159-10,Φιλέτο στήθος κοτόπουλο με ψητή γλυκοπατάτα,"Φιλέτο κοτόπουλο (210γρ), Ψητή γλυκοπατάτα (150γρ)","11,50€","11,90€","0,40€"
159-11,Φιλέτο στήθος κοτόπουλο με ψητή γλυκοπατάτα,"Φιλέτο κοτόπουλο (210γρ), Ψητή γλυκοπατάτα (200γρ)","11,90€","12,40€","0,50€"
159-12,Φιλέτο στήθος κοτόπουλο με ψητή γλυκοπατάτα,"Φιλέτο κοτόπουλο (210γρ), Ψητή γλυκοπατάτα (250γρ)","12,50€","12,90€","0,40€"
160-10,Μπιφτέκι γαλοπούλας με ρύζι basmati και ψητά λαχανικά,"Μπιφτέκι γαλοπούλας (210γρ), Ρύζι basmati (120γρ)","12,50€","11,40€","-1,10€"
160-11,Μπιφτέκι γαλοπούλας με ρύζι basmati και ψητά λαχανικά,"Μπιφτέκι γαλοπούλας (210γρ), Ρύζι basmati (180γρ)","12,90€","11,90€","-1,00€"
160-12,Μπιφτέκι γαλοπούλας με ρύζι basmati και ψητά λαχανικά,"Μπιφτέκι γαλοπούλας (210γρ), Ρύζι basmati (240γρ)","13,50€","12,40€","-1,10€"
163-10,Μπιφτέκι γαλοπούλας με πουρέ γλυκοπατάτας,"Μπιφτέκι γαλοπούλας (210γρ), Πουρές γλυκοπατάτας (120γρ)","12,50€","11,40€","-1,10€"
163-11,Μπιφτέκι γαλοπούλας με πουρέ γλυκοπατάτας,"Μπιφτέκι γαλοπούλας (210γρ), Πουρές γλυκοπατάτας (180γρ)","12,90€","11,90€","-1,00€"
163-12,Μπιφτέκι γαλοπούλας με πουρέ γλυκοπατάτας,"Μπιφτέκι γαλοπούλας (210γρ), Πουρές γλυκοπατάτας (220γρ)","13,50€","12,40€","-1,10€"
164-10,Μπιφτέκι γαλοπούλας με άγριο ρύζι και αμπελοφάσουλα,"Μπιφτέκι γαλοπούλας (210γρ), Άγριο ρύζι (120γρ)","12,50€","11,40€","-1,10€"
164-11,Μπιφτέκι γαλοπούλας με άγριο ρύζι και αμπελοφάσουλα,"Μπιφτέκι γαλοπούλας (210γρ), Άγριο ρύζι (180γρ)","12,90€","11,90€","-1,00€"
164-12,Μπιφτέκι γαλοπούλας με άγριο ρύζι και αμπελοφάσουλα,"Μπιφτέκι γαλοπούλας (210γρ), Άγριο ρύζι (240γρ)","13,50€","12,40€","-1,10€"
165-10,Μπιφτέκι γαλοπούλας με ρύζι basmati και κρέμα μελιτζάνας,"Μπιφτέκι γαλοπούλας (210γρ), Ρύζι basmati (120γρ)","12,50€","11,40€","-1,10€"
165-11,Μπιφτέκι γαλοπούλας με ρύζι basmati και κρέμα μελιτζάνας,"Μπιφτέκι γαλοπούλας (210γρ), Ρύζι basmati (180γρ)","12,90€","11,90€","-1,00€"
165-12,Μπιφτέκι γαλοπούλας με ρύζι basmati και κρέμα μελιτζάνας,"Μπιφτέκι γαλοπούλας (210γρ), Ρύζι basmati (240γρ)","13,50€","12,40€","-1,10€"
166-10,Μπιφτέκι γαλοπούλας με γλυκοπατάτα και κρέμα μελιτζάνας,"Μπιφτέκι γαλοπούλας (210γρ), Ψητή γλυκοπατάτα (150γρ)","12,50€","11,40€","-1,10€"
166-11,Μπιφτέκι γαλοπούλας με γλυκοπατάτα και κρέμα μελιτζάνας,"Μπιφτέκι γαλοπούλας (210γρ), Ψητή γλυκοπατάτα (200γρ)","12,90€","11,90€","-1,00€"
166-12,Μπιφτέκι γαλοπούλας με γλυκοπατάτα και κρέμα μελιτζάνας,"Μπιφτέκι γαλοπούλας (210γρ), Ψητή γλυκοπατάτα (250γρ)","13,50€","12,40€","-1,10€"
167-10,Μπιφτέκι γαλοπούλας με πουρέ καρότου,"Μπιφτέκι γαλοπούλας (210γρ), Πουρές καρότου (120γρ)","12,50€","11,40€","-1,10€"
167-11,Μπιφτέκι γαλοπούλας με πουρέ καρότου,"Μπιφτέκι γαλοπούλας (210γρ), Πουρές καρότου (180γρ)","12,90€","11,90€","-1,00€"
167-12,Μπιφτέκι γαλοπούλας με πουρέ καρότου,"Μπιφτέκι γαλοπούλας (210γρ), Πουρές καρότου (220γρ)","13,50€","12,40€","-1,10€"
169-10,Μπιφτέκι γαλοπούλας με πουρέ πατάτας,"Μπιφτέκι γαλοπούλας (210γρ), Πουρές πατάτας (120γρ)","12,50€","11,40€","-1,10€"
169-11,Μπιφτέκι γαλοπούλας με πουρέ πατάτας,"Μπιφτέκι γαλοπούλας (210γρ), Πουρές πατάτας (150γρ)","12,90€","11,90€","-1,00€"
169-12,Μπιφτέκι γαλοπούλας με πουρέ πατάτας,"Μπιφτέκι γαλοπούλας (210γρ), Πουρές πατάτας (200γρ)","13,50€","12,40€","-1,10€"
170-10,Μπιφτέκι γαλοπούλας με πατάτες φούρνου και ψητά καρότα,"Μπιφτέκι γαλοπούλας (210γρ), Πατάτες φούρνου (80γρ)","12,50€","11,40€","-1,10€"
170-11,Μπιφτέκι γαλοπούλας με πατάτες φούρνου και ψητά καρότα,"Μπιφτέκι γαλοπούλας (210γρ), Πατάτες φούρνου (160γρ)","12,90€","11,90€","-1,00€"
170-12,Μπιφτέκι γαλοπούλας με πατάτες φούρνου και ψητά καρότα,"Μπιφτέκι γαλοπούλας (210γρ), Πατάτες φούρνου (240γρ)","13,50€","12,40€","-1,10€"
171-10,Φιλέτο στήθος κοτόπουλο ψητό με πουρέ πατάτας,"Φιλέτο κοτόπουλο (210γρ), Πουρές πατάτας (120γρ)","12,50€","11,40€","-1,10€"
171-11,Φιλέτο στήθος κοτόπουλο ψητό με πουρέ πατάτας,"Φιλέτο κοτόπουλο (210γρ), Πουρές πατάτας (150γρ)","12,90€","11,90€","-1,00€"
171-12,Φιλέτο στήθος κοτόπουλο ψητό με πουρέ πατάτας,"Φιλέτο κοτόπουλο (210γρ), Πουρές πατάτας (200γρ)","13,50€","12,40€","-1,10€"
172-10,Φιλέτο στήθος κοτόπουλο με μανιτάρια και άγριο ρύζι,"Φιλέτο κοτόπουλο (210γρ), Άγριο ρύζι (120γρ)","11,50€","11,90€","0,40€"
172-11,Φιλέτο στήθος κοτόπουλο με μανιτάρια και άγριο ρύζι,"Φιλέτο κοτόπουλο (210γρ), Άγριο ρύζι (180γρ)","11,90€","12,40€","0,50€"
172-12,Φιλέτο στήθος κοτόπουλο με μανιτάρια και άγριο ρύζι,"Φιλέτο κοτόπουλο (210γρ), Άγριο ρύζι (240γρ)","12,50€","12,90€","0,40€"
173-10,"Caprese με φιλέτο κοτόπουλο, μοτσαρέλα και πλιγούρι","Φιλέτο κοτόπουλο (210γρ), Πλιγούρι (120γρ)","11,50€","11,40€","-0,10€"
173-12,"Caprese με φιλέτο κοτόπουλο, μοτσαρέλα και πλιγούρι","Φιλέτο κοτόπουλο (210γρ), Πλιγούρι (240γρ)","12,50€","12,40€","-0,10€"
174-10,Φιλέτο μπούτι κοτόπουλο με άγριο ρύζι και teriyaki sauce,"Μπούτι κοτόπουλο (210γρ), Άγριο ρύζι (120γρ)","12,50€","11,90€","-0,60€"
174-11,Φιλέτο μπούτι κοτόπουλο με άγριο ρύζι και teriyaki sauce,"Μπούτι κοτόπουλο (210γρ), Άγριο ρύζι (180γρ)","12,90€","12,40€","-0,50€"
174-12,Φιλέτο μπούτι κοτόπουλο με άγριο ρύζι και teriyaki sauce,"Μπούτι κοτόπουλο (210γρ), Άγριο ρύζι (240γρ)","13,50€","12,90€","-0,60€"
175-10,Μπούτι κοτόπουλο Tikka Masala με ρύζι basmati,"Μπούτι κοτόπουλο (210γρ), Ρύζι basmati (120γρ)","12,50€","10,90€","-1,60€"
175-11,Μπούτι κοτόπουλο Tikka Masala με ρύζι basmati,"Μπούτι κοτόπουλο (210γρ), Ρύζι basmati (180γρ)","12,90€","11,40€","-1,50€"
175-12,Μπούτι κοτόπουλο Tikka Masala με ρύζι basmati,"Μπούτι κοτόπουλο (210γρ), Ρύζι basmati (240γρ)","13,50€","11,90€","-1,60€"
176-11,Φιλέτο μπούτι κοτόπουλο με ρύζι basmati και κάρυ,"Μπούτι κοτόπουλο (210γρ), Ρύζι basmati (180γρ)","12,50€","12,40€","-0,10€"
177-10,Φιλέτο στήθος κοτόπουλο με πατάτες φούρνου,"Φιλέτο κοτόπουλο (210γρ), Πατάτες φούρνου (80γρ)","12,50€","11,40€","-1,10€"
177-11,Φιλέτο στήθος κοτόπουλο με πατάτες φούρνου,"Φιλέτο κοτόπουλο (210γρ), Πατάτες φούρνου (160γρ)","12,90€","11,90€","-1,00€"
177-12,Φιλέτο στήθος κοτόπουλο με πατάτες φούρνου,"Φιλέτο κοτόπουλο (210γρ), Πατάτες φούρνου (240γρ)","13,50€","12,40€","-1,10€"
192-10,Φασολάκια με κοκκινιστό μοσχαράκι,"Φιλέτο μοσχάρι (210γρ), Φασολάκια (180γρ)","11,50€","12,40€","0,90€"
192-11,Φασολάκια με κοκκινιστό μοσχαράκι,"Φιλέτο μοσχάρι (210γρ), Φασολάκια (220γρ)","11,90€","12,90€","1,00€"
192-12,Φασολάκια με κοκκινιστό μοσχαράκι,"Φιλέτο μοσχάρι (210γρ), Φασολάκια (280γρ)","12,50€","13,40€","0,90€"
194-10,Σουτζουκάκια φούρνου με πουρέ καρότου,"Σουτζουκάκια (210γρ), Πουρές καρότου (120γρ)","11,50€","10,90€","-0,60€"
194-11,Σουτζουκάκια φούρνου με πουρέ καρότου,"Σουτζουκάκια (210γρ), Πουρές καρότου (180γρ)","11,90€","11,50€","-0,40€"
194-12,Σουτζουκάκια φούρνου με πουρέ καρότου,"Σουτζουκάκια (210γρ), Πουρές καρότου (220γρ)","12,50€","11,90€","-0,60€"
195-10,Σουτζουκάκια φούρνου με άγριο ρύζι,"Σουτζουκάκια (210γρ), Άγριο ρύζι (120γρ)","11,50€","10,90€","-0,60€"
195-11,Σουτζουκάκια φούρνου με άγριο ρύζι,"Σουτζουκάκια (210γρ), Άγριο ρύζι (180γρ)","11,90€","11,50€","-0,40€"
195-12,Σουτζουκάκια φούρνου με άγριο ρύζι,"Σουτζουκάκια (210γρ), Άγριο ρύζι (240γρ)","12,50€","11,90€","-0,60€"
201-10,Ψαρονέφρι με δαμάσκηνα και άγριο ρύζι,"Ψαρονέφρι (210γρ), Άγριο ρύζι (120γρ)","13,50€","12,90€","-0,60€"
201-11,Ψαρονέφρι με δαμάσκηνα και άγριο ρύζι,"Ψαρονέφρι (210γρ), Άγριο ρύζι (180γρ)","13,90€","13,40€","-0,50€"
201-12,Ψαρονέφρι με δαμάσκηνα και άγριο ρύζι,"Ψαρονέφρι (210γρ), Άγριο ρύζι (240γρ)","14,50€","13,90€","-0,60€"
202-10,Ψαρονέφρι με δαμάσκηνα και πουρέ πατάτας,"Ψαρονέφρι (210γρ), Πουρές πατάτας (120γρ)","13,50€","12,90€","-0,60€"
202-11,Ψαρονέφρι με δαμάσκηνα και πουρέ πατάτας,"Ψαρονέφρι (210γρ), Πουρές πατάτας (150γρ)","13,90€","13,40€","-0,50€"
202-12,Ψαρονέφρι με δαμάσκηνα και πουρέ πατάτας,"Ψαρονέφρι (210γρ), Πουρές πατάτας (200γρ)","14,50€","13,90€","-0,60€"
209-10,Φιλέτο μοσχαρίσιο με πουρέ πατάτας και μανιτάρια,"Φιλέτο μοσχαρίσιο (210γρ), Πουρές πατάτας (120γρ)","20,90€","24,90€","4,00€"
209-11,Φιλέτο μοσχαρίσιο με πουρέ πατάτας και μανιτάρια,"Φιλέτο μοσχαρίσιο (210γρ), Πουρές πατάτας (150γρ)","21,50€","25,50€","4,00€"
209-12,Φιλέτο μοσχαρίσιο με πουρέ πατάτας και μανιτάρια,"Φιλέτο μοσχαρίσιο (210γρ), Πουρές πατάτας (200γρ)","21,90€","25,90€","4,00€"
210-10,"Ψαρονέφρι με πατάτες φούρνου, καρότα και gravy sauce","Ψαρονέφρι (210γρ), Πατάτες φούρνου (80γρ)","13,90€","13,40€","-0,50€"
210-12,"Ψαρονέφρι με πατάτες φούρνου, καρότα και gravy sauce","Ψαρονέφρι (210γρ), Πατάτες φούρνου (240γρ)","14,50€","14,40€","-0,10€"
215-10,Φιλέτο μοσχαρίσιο με πατάτες φούρνου και gravy sauce,"Φιλέτο μοσχαρίσιο (210γρ), Πατάτες φούρνου (80γρ)","20,90€","24,90€","4,00€"
215-11,Φιλέτο μοσχαρίσιο με πατάτες φούρνου και gravy sauce,"Φιλέτο μοσχαρίσιο (210γρ), Πατάτες φούρνου (160γρ)","21,50€","25,50€","4,00€"
215-12,Φιλέτο μοσχαρίσιο με πατάτες φούρνου και gravy sauce,"Φιλέτο μοσχαρίσιο (210γρ), Πατάτες φούρνου (240γρ)","21,90€","25,90€","4,00€"
216-10,Φιλέτο μοσχαρίσιο με πουρέ γλυκοπατάτας,"Φιλέτο μοσχαρίσιο (210γρ), Πουρές γλυκοπατάτας (120γρ)","20,90€","24,90€","4,00€"
216-11,Φιλέτο μοσχαρίσιο με πουρέ γλυκοπατάτας,"Φιλέτο μοσχαρίσιο (210γρ), Πουρές γλυκοπατάτας (180γρ)","21,50€","25,50€","4,00€"
216-12,Φιλέτο μοσχαρίσιο με πουρέ γλυκοπατάτας,"Φιλέτο μοσχαρίσιο (210γρ), Πουρές γλυκοπατάτας (220γρ)","21,90€","25,90€","4,00€"
218-10,Ψαρονέφρι με πουρέ σελινόριζας,"Ψαρονέφρι (210γρ), Πουρές σελινόριζας (180γρ)","13,90€","12,90€","-1,00€"
218-11,Ψαρονέφρι με πουρέ σελινόριζας,"Ψαρονέφρι (210γρ), Πουρές σελινόριζας (240γρ)","13,90€","13,40€","-0,50€"
218-12,Ψαρονέφρι με πουρέ σελινόριζας,"Ψαρονέφρι (210γρ), Πουρές σελινόριζας (280γρ)","14,50€","13,90€","-0,60€"
247-10,Ρεβίθια φούρνου κοκκινιστά με φέτα light,"Ρεβίθια φούρνου (500γρ), Φέτα light (90γρ)","8,90€","9,90€","1,00€"
249-10,Φιλέτο μπούτι κοτόπουλο λεμονάτο και άγριο ρύζι,"Λεμονάτο κοτόπουλο (210γρ), Άγριο ρύζι (120γρ)","10,90€","11,90€","1,00€"
249-11,Φιλέτο μπούτι κοτόπουλο λεμονάτο και άγριο ρύζι,"Λεμονάτο κοτόπουλο (210γρ), Άγριο ρύζι (180γρ)","11,50€","12,40€","0,90€"
249-12,Φιλέτο μπούτι κοτόπουλο λεμονάτο και άγριο ρύζι,"Λεμονάτο κοτόπουλο (210γρ), Άγριο ρύζι (240γρ)","11,90€","12,90€","1,00€"
264-10,Ψαρονέφρι με πουρέ καρότου και gravy sauce,"Ψαρονέφρι (210γρ), Πουρές καρότου (120γρ)","13,90€","13,40€","-0,50€"
264-12,Ψαρονέφρι με πουρέ καρότου και gravy sauce,"Ψαρονέφρι (210γρ), Πουρές καρότου (220γρ)","14,50€","14,40€","-0,10€"
271-10,Φιλέτο κοτόπουλο ψητό με πουρέ πατάτας και αρακά,"Φιλέτο κοτόπουλο (210γρ), Πουρές πατάτας και αρακά (150γρ)","12,50€","11,40€","-1,10€"
271-11,Φιλέτο κοτόπουλο ψητό με πουρέ πατάτας και αρακά,"Φιλέτο κοτόπουλο (210γρ), Πουρές πατάτας και αρακά (200γρ)","12,90€","11,90€","-1,00€"
271-12,Φιλέτο κοτόπουλο ψητό με πουρέ πατάτας και αρακά,"Φιλέτο κοτόπουλο (210γρ), Πουρές πατάτας και αρακά (250γρ)","13,50€","12,40€","-1,10€"
274-10,"Ρεβίθια κοκκινιστά με χόρτα, κρέμα λεμόνι και φέτα light","Ρεβίθια κοκκινιστά (500γρ), Φέτα light (90γρ)","9,50€","9,40€","-0,10€"
